,film_id,amount_of_copies,times_rented,store_id,release_year,language_id,rental_duration,rental_rate,length,replacement_cost,rating,rented_august
0,1,4,12,1,2006,1,6,0.99,86,20.99,PG,1
1,1,3,11,2,2006,1,6,0.99,86,20.99,PG,0
2,2,3,6,2,2006,1,3,4.99,48,12.99,G,1
3,3,4,12,2,2006,1,7,2.99,50,18.99,NC-17,1
4,4,4,13,1,2006,1,5,2.99,117,26.99,G,0
5,4,3,9,2,2006,1,5,2.99,117,26.99,G,0
6,5,3,11,2,2006,1,6,2.99,130,22.99,G,1
7,6,3,11,1,2006,1,3,2.99,169,17.99,PG,0
8,6,3,10,2,2006,1,3,2.99,169,17.99,PG,1
9,7,2,6,1,2006,1,6,4.99,62,28.99,PG-13,1
10,7,3,9,2,2006,1,6,4.99,62,28.99,PG-13,0
11,8,4,18,2,2006,1,6,4.99,54,15.99,R,0
12,9,3,8,1,2006,1,3,2.99,114,21.99,PG-13,1
13,9,2,4,2,2006,1,3,2.99,114,21.99,PG-13,0
14,10,4,11,1,2006,1,6,4.99,63,24.99,NC-17,1
15,10,3,12,2,2006,1,6,4.99,63,24.99,NC-17,0
16,11,4,13,1,2006,1,6,0.99,126,16.99,G,0
17,11,3,11,2,2006,1,6,0.99,126,16.99,G,0
18,12,3,11,1,2006,1,6,0.99,136,22.99,PG,0
19,12,4,15,2,2006,1,6,0.99,136,22.99,PG,1
20,13,4,8,2,2006,1,4,4.99,150,21.99,PG,0
21,15,2,10,1,2006,1,5,2.99,46,10.99,NC-17,0
22,15,4,12,2,2006,1,5,2.99,46,10.99,NC-17,0
23,16,2,6,1,2006,1,6,2.99,180,23.99,NC-17,0
24,16,2,8,2,2006,1,6,2.99,180,23.99,NC-17,0
25,17,3,6,1,2006,1,3,0.99,82,14.99,R,0
26,17,3,11,2,2006,1,3,0.99,82,14.99,R,1
27,18,3,13,1,2006,1,6,0.99,57,27.99,PG-13,0
28,18,3,9,2,2006,1,6,0.99,57,27.99,PG-13,0
29,19,4,13,1,2006,1,6,0.99,113,20.99,PG,0
30,19,2,7,2,2006,1,6,0.99,113,20.99,PG,1
31,20,3,10,1,2006,1,4,4.99,79,23.99,R,0
32,21,2,10,1,2006,1,3,4.99,129,17.99,R,1
33,21,4,11,2,2006,1,3,4.99,129,17.99,R,0
34,22,4,14,1,2006,1,6,2.99,85,10.99,G,1
35,22,3,6,2,2006,1,6,2.99,85,10.99,G,1
36,23,3,11,1,2006,1,3,0.99,92,9.99,R,0
37,23,2,10,2,2006,1,3,0.99,92,9.99,R,1
38,24,4,14,1,2006,1,6,2.99,181,19.99,R,0
39,25,4,14,1,2006,1,3,2.99,74,15.99,G,0
40,25,2,8,2,2006,1,3,2.99,74,15.99,G,0
41,26,2,10,1,2006,1,3,0.99,86,15.99,G,0
42,26,3,12,2,2006,1,3,0.99,86,15.99,G,0
43,27,4,13,1,2006,1,7,0.99,179,12.99,NC-17,1
44,28,3,15,1,2006,1,5,4.99,91,16.99,PG-13,0
45,29,2,10,1,2006,1,5,2.99,168,11.99,NC-17,0
46,30,2,9,1,2006,1,4,2.99,82,27.99,R,1
47,31,4,15,1,2006,1,5,4.99,92,16.99,NC-17,0
48,31,4,16,2,2006,1,5,4.99,92,16.99,NC-17,0
49,32,2,6,2,2006,1,6,4.99,119,11.99,R,1
50,34,4,13,2,2006,1,6,0.99,62,29.99,NC-17,0
51,35,4,13,1,2006,1,4,2.99,147,24.99,PG-13,1
52,35,3,11,2,2006,1,4,2.99,147,24.99,PG-13,0
53,37,4,11,1,2006,1,3,2.99,121,28.99,PG,1
54,37,3,10,2,2006,1,3,2.99,121,28.99,PG,0
55,39,3,9,1,2006,1,5,0.99,99,10.99,G,0
56,39,4,11,2,2006,1,5,0.99,99,10.99,G,0
57,40,4,16,2,2006,1,4,0.99,148,22.99,R,1
58,42,4,16,2,2006,1,5,2.99,170,10.99,NC-17,1
59,43,3,12,1,2006,1,6,2.99,170,15.99,G,0
60,43,4,12,2,2006,1,6,2.99,170,15.99,G,0
61,44,2,7,1,2006,1,5,4.99,113,21.99,PG-13,1
62,44,3,9,2,2006,1,5,4.99,113,21.99,PG-13,0
63,45,4,15,1,2006,1,5,4.99,83,14.99,PG-13,0
64,45,2,9,2,2006,1,5,4.99,83,14.99,PG-13,1
65,46,3,11,2,2006,1,3,4.99,108,13.99,G,0
66,47,2,8,2,2006,1,5,4.99,153,23.99,NC-17,1
67,48,2,10,1,2006,1,3,4.99,118,24.99,PG-13,0
68,48,2,9,2,2006,1,3,4.99,118,24.99,PG-13,0
69,49,3,9,1,2006,1,6,2.99,162,22.99,R,1
70,49,3,12,2,2006,1,6,2.99,162,22.99,R,1
71,50,3,7,1,2006,1,3,2.99,182,20.99,G,0
72,50,2,8,2,2006,1,3,2.99,182,20.99,G,0
73,51,2,9,1,2006,1,5,2.99,75,10.99,NC-17,0
74,51,4,14,2,2006,1,5,2.99,75,10.99,NC-17,0
75,52,2,8,2,2006,1,6,0.99,173,29.99,G,1
76,53,2,6,1,2006,1,5,2.99,87,25.99,NC-17,0
77,54,3,13,1,2006,1,5,0.99,113,15.99,R,0
78,54,2,9,2,2006,1,5,0.99,113,15.99,R,1
79,55,4,18,1,2006,1,6,2.99,65,27.99,G,0
80,55,2,7,2,2006,1,6,2.99,65,27.99,G,0
81,56,3,11,1,2006,1,6,2.99,129,15.99,G,0
82,56,2,7,2,2006,1,6,2.99,129,15.99,G,1
83,57,4,11,1,2006,1,4,2.99,90,18.99,PG-13,0
84,57,3,9,2,2006,1,4,2.99,90,18.99,PG-13,0
85,58,4,17,2,2006,1,6,2.99,122,16.99,G,0
86,59,3,12,1,2006,1,4,2.99,160,20.99,R,1
87,59,2,10,2,2006,1,4,2.99,160,20.99,R,1
88,60,3,11,1,2006,1,3,4.99,89,22.99,R,0
89,61,4,15,1,2006,1,5,4.99,175,28.99,G,0
90,61,2,7,2,2006,1,5,4.99,175,28.99,G,0
91,62,2,6,2,2006,1,5,2.99,106,23.99,NC-17,1
92,63,2,7,1,2006,1,6,0.99,73,21.99,PG,1
93,63,2,6,2,2006,1,6,0.99,73,21.99,PG,1
94,64,3,11,2,2006,1,6,0.99,151,26.99,PG-13,0
95,65,4,13,2,2006,1,3,4.99,100,20.99,PG,0
96,66,3,10,1,2006,1,6,0.99,53,27.99,NC-17,0
97,67,2,6,1,2006,1,5,2.99,77,24.99,PG-13,0
98,67,4,14,2,2006,1,5,2.99,77,24.99,PG-13,0
99,68,2,7,1,2006,1,5,4.99,122,26.99,NC-17,0
100,68,2,8,2,2006,1,5,4.99,122,26.99,NC-17,0
101,69,4,9,1,2006,1,3,2.99,85,21.99,R,0
102,69,4,12,2,2006,1,3,2.99,85,21.99,R,1
103,70,2,8,1,2006,1,7,4.99,142,26.99,NC-17,0
104,70,2,9,2,2006,1,7,4.99,142,26.99,NC-17,0
105,71,4,13,2,2006,1,3,4.99,100,25.99,PG-13,0
106,72,4,13,1,2006,1,6,2.99,93,12.99,PG,0
107,72,2,6,2,2006,1,6,2.99,93,12.99,PG,0
108,73,4,14,1,2006,1,5,2.99,150,22.99,PG-13,1
109,73,4,15,2,2006,1,5,2.99,150,22.99,PG-13,1
110,74,3,6,1,2006,1,4,4.99,162,18.99,PG,1
111,74,2,5,2,2006,1,4,4.99,162,18.99,PG,1
112,75,3,11,2,2006,1,6,4.99,163,14.99,G,1
113,76,3,9,1,2006,1,4,0.99,103,23.99,NC-17,1
114,77,4,10,1,2006,1,5,4.99,61,15.99,G,0
115,77,2,8,2,2006,1,5,4.99,61,15.99,G,0
116,78,3,14,1,2006,1,7,2.99,85,12.99,PG,1
117,78,4,13,2,2006,1,7,2.99,85,12.99,PG,0
118,79,3,10,1,2006,1,5,0.99,114,10.99,PG-13,1
119,79,3,11,2,2006,1,5,0.99,114,10.99,PG-13,1
120,80,4,11,1,2006,1,7,2.99,148,21.99,G,1
121,81,4,14,1,2006,1,6,4.99,103,29.99,PG-13,0
122,82,2,10,1,2006,1,3,0.99,71,13.99,G,0
123,83,3,13,1,2006,1,5,2.99,50,18.99,G,1
124,83,2,8,2,2006,1,5,2.99,50,18.99,G,1
125,84,4,15,1,2006,1,7,4.99,102,13.99,PG,0
126,85,4,16,2,2006,1,4,0.99,63,29.99,G,0
127,86,4,16,1,2006,1,6,4.99,121,11.99,R,0
128,86,4,12,2,2006,1,6,4.99,121,11.99,R,1
129,88,4,12,2,2006,1,7,4.99,179,17.99,PG,0
130,89,3,10,1,2006,1,7,0.99,63,22.99,G,0
131,89,3,12,2,2006,1,7,0.99,63,22.99,G,0
132,90,3,9,1,2006,1,3,0.99,63,11.99,R,0
133,90,3,8,2,2006,1,3,0.99,63,11.99,R,0
134,91,4,10,1,2006,1,5,0.99,98,17.99,PG,1
135,91,4,13,2,2006,1,5,0.99,98,17.99,PG,1
136,92,2,5,1,2006,1,7,4.99,72,19.99,NC-17,0
137,92,2,6,2,2006,1,7,4.99,72,19.99,NC-17,1
138,93,3,12,2,2006,1,4,4.99,121,27.99,PG,1
139,94,2,5,1,2006,1,7,2.99,176,14.99,PG-13,0
140,95,2,6,1,2006,1,5,4.99,123,18.99,G,0
141,95,3,11,2,2006,1,5,4.99,123,18.99,G,0
142,96,3,13,1,2006,1,4,2.99,169,21.99,PG-13,1
143,97,4,11,1,2006,1,7,0.99,56,24.99,G,0
144,97,2,8,2,2006,1,7,0.99,56,24.99,G,1
145,98,3,13,1,2006,1,4,4.99,73,12.99,PG-13,0
146,99,3,10,1,2006,1,7,2.99,136,14.99,PG,0
147,99,3,10,2,2006,1,7,2.99,136,14.99,PG,0
148,100,4,15,1,2006,1,7,4.99,161,21.99,R,1
149,100,2,6,2,2006,1,7,4.99,161,21.99,R,1
150,101,4,17,1,2006,1,3,0.99,73,26.99,R,0
151,101,2,9,2,2006,1,3,0.99,73,26.99,R,0
152,102,2,5,2,2006,1,4,4.99,60,20.99,R,1
153,103,4,17,1,2006,1,7,4.99,133,27.99,PG,0
154,103,4,17,2,2006,1,7,4.99,133,27.99,PG,0
155,104,3,11,2,2006,1,4,2.99,119,17.99,G,0
156,105,2,5,1,2006,1,6,0.99,125,21.99,NC-17,1
157,105,3,10,2,2006,1,6,0.99,125,21.99,NC-17,0
158,106,2,7,1,2006,1,4,2.99,61,14.99,G,0
159,107,2,5,2,2006,1,4,2.99,63,13.99,G,1
160,109,4,16,1,2006,1,3,0.99,89,17.99,G,1
161,109,4,14,2,2006,1,3,0.99,89,17.99,G,0
162,110,4,15,1,2006,1,4,0.99,53,25.99,NC-17,0
163,111,4,16,2,2006,1,3,0.99,52,17.99,NC-17,0
164,112,4,13,1,2006,1,4,4.99,120,22.99,NC-17,0
165,112,3,8,2,2006,1,4,4.99,120,22.99,NC-17,1
166,113,4,12,2,2006,1,4,4.99,75,19.99,NC-17,1
167,114,4,15,1,2006,1,3,0.99,61,26.99,NC-17,1
168,114,3,11,2,2006,1,3,0.99,61,26.99,NC-17,0
169,115,3,6,1,2006,1,5,2.99,167,27.99,R,1
170,115,4,13,2,2006,1,5,2.99,167,27.99,R,0
171,116,2,4,1,2006,1,4,2.99,70,10.99,R,1
172,116,4,13,2,2006,1,4,2.99,70,10.99,R,0
173,117,4,15,1,2006,1,6,4.99,135,15.99,NC-17,1
174,117,2,8,2,2006,1,6,4.99,135,15.99,NC-17,1
175,118,4,12,1,2006,1,7,0.99,85,26.99,R,0
176,118,2,6,2,2006,1,7,0.99,85,26.99,R,1
177,119,3,7,1,2006,1,6,0.99,176,22.99,G,1
178,119,4,17,2,2006,1,6,0.99,176,22.99,G,1
179,120,3,9,1,2006,1,3,4.99,92,16.99,NC-17,0
180,121,3,8,1,2006,1,4,2.99,151,15.99,PG,1
181,121,3,10,2,2006,1,4,2.99,151,15.99,PG,0
182,122,4,15,1,2006,1,7,0.99,114,11.99,PG,0
183,122,3,8,2,2006,1,7,0.99,114,11.99,PG,0
184,123,2,5,1,2006,1,6,4.99,85,22.99,G,1
185,123,3,11,2,2006,1,6,4.99,85,22.99,G,0
186,124,3,8,2,2006,1,3,4.99,163,16.99,PG-13,1
187,125,2,6,2,2006,1,5,2.99,61,19.99,NC-17,1
188,126,3,9,2,2006,1,3,4.99,179,16.99,G,0
189,127,4,14,1,2006,1,5,4.99,112,14.99,G,0
190,127,4,15,2,2006,1,5,4.99,112,14.99,G,0
191,129,3,7,1,2006,1,3,2.99,179,16.99,R,1
192,129,3,14,2,2006,1,3,2.99,179,16.99,R,1
193,130,2,8,1,2006,1,7,0.99,110,24.99,PG-13,0
194,130,4,16,2,2006,1,7,0.99,110,24.99,PG-13,0
195,131,4,17,1,2006,1,5,4.99,152,12.99,PG,0
196,131,2,6,2,2006,1,5,4.99,152,12.99,PG,0
197,132,4,12,1,2006,1,6,0.99,114,25.99,PG,0
198,132,2,9,2,2006,1,6,0.99,114,25.99,PG,1
199,133,2,4,1,2006,1,7,4.99,117,14.99,NC-17,0
200,133,2,8,2,2006,1,7,4.99,117,14.99,NC-17,0
201,134,3,13,2,2006,1,4,4.99,51,21.99,PG,0
202,135,3,10,1,2006,1,3,2.99,70,22.99,R,1
203,135,4,17,2,2006,1,3,2.99,70,22.99,R,0
204,136,3,8,1,2006,1,7,2.99,146,26.99,NC-17,0
205,137,4,15,2,2006,1,3,2.99,66,21.99,PG,1
206,138,2,9,1,2006,1,5,2.99,71,29.99,R,0
207,138,3,12,2,2006,1,5,2.99,71,29.99,R,1
208,139,4,13,1,2006,1,7,4.99,114,21.99,PG,0
209,139,2,6,2,2006,1,7,4.99,114,21.99,PG,0
210,140,2,8,1,2006,1,6,0.99,87,23.99,G,1
211,140,3,12,2,2006,1,6,0.99,87,23.99,G,0
212,141,3,10,1,2006,1,6,4.99,185,11.99,PG-13,0
213,141,2,6,2,2006,1,6,4.99,185,11.99,PG-13,0
214,142,3,14,1,2006,1,3,0.99,122,24.99,PG,1
215,142,2,8,2,2006,1,3,0.99,122,24.99,PG,0
216,143,4,14,1,2006,1,6,0.99,142,17.99,PG,1
217,143,3,8,2,2006,1,6,0.99,142,17.99,PG,1
218,145,3,13,2,2006,1,5,4.99,124,25.99,G,0
219,146,3,7,1,2006,1,6,2.99,107,24.99,G,1
220,147,3,12,1,2006,1,5,0.99,101,16.99,NC-17,0
221,147,3,8,2,2006,1,5,0.99,101,16.99,NC-17,0
222,149,3,11,1,2006,1,7,0.99,150,21.99,NC-17,0
223,149,3,10,2,2006,1,7,0.99,150,21.99,NC-17,1
224,150,2,4,1,2006,1,7,2.99,101,9.99,PG,1
225,150,4,15,2,2006,1,7,2.99,101,9.99,PG,0
226,151,2,7,1,2006,1,5,4.99,143,26.99,NC-17,0
227,151,2,5,2,2006,1,5,4.99,143,26.99,NC-17,0
228,152,4,15,1,2006,1,5,2.99,90,13.99,PG-13,1
229,153,4,13,1,2006,1,7,0.99,165,18.99,G,1
230,154,3,9,1,2006,1,6,2.99,81,12.99,G,0
231,154,4,16,2,2006,1,6,2.99,81,12.99,G,0
232,155,2,7,1,2006,1,6,0.99,150,26.99,PG-13,0
233,155,3,10,2,2006,1,6,0.99,150,26.99,PG-13,0
234,156,2,7,2,2006,1,3,4.99,164,15.99,G,1
235,157,3,10,2,2006,1,7,0.99,143,29.99,PG-13,0
236,158,2,8,1,2006,1,6,2.99,124,16.99,R,0
237,158,3,11,2,2006,1,6,2.99,124,16.99,R,0
238,159,4,16,1,2006,1,5,4.99,58,12.99,R,1
239,159,3,12,2,2006,1,5,4.99,58,12.99,R,1
240,160,2,7,1,2006,1,4,0.99,65,12.99,PG-13,0
241,160,3,10,2,2006,1,4,0.99,65,12.99,PG-13,0
242,161,2,7,1,2006,1,6,4.99,70,27.99,NC-17,1
243,162,3,11,1,2006,1,4,2.99,95,13.99,R,0
244,162,4,14,2,2006,1,4,2.99,95,13.99,R,1
245,163,3,8,2,2006,1,4,0.99,139,29.99,PG-13,0
246,164,2,7,1,2006,1,4,0.99,55,20.99,PG,1
247,164,3,14,2,2006,1,4,0.99,55,20.99,PG,0
248,165,3,11,1,2006,1,7,4.99,70,27.99,G,0
249,165,2,5,2,2006,1,7,4.99,70,27.99,G,0
250,166,4,15,1,2006,1,6,2.99,149,19.99,G,0
251,166,2,9,2,2006,1,6,2.99,149,19.99,G,0
252,167,4,15,1,2006,1,6,4.99,109,10.99,NC-17,1
253,167,3,11,2,2006,1,6,4.99,109,10.99,NC-17,0
254,168,2,6,1,2006,1,5,0.99,67,23.99,R,0
255,169,2,7,1,2006,1,3,2.99,76,19.99,NC-17,1
256,169,2,10,2,2006,1,3,2.99,76,19.99,NC-17,1
257,170,2,5,1,2006,1,5,4.99,120,28.99,PG-13,1
258,170,4,11,2,2006,1,5,4.99,120,28.99,PG-13,0
259,172,4,15,1,2006,1,7,4.99,112,12.99,NC-17,0
260,172,3,10,2,2006,1,7,4.99,112,12.99,NC-17,0
261,173,3,6,1,2006,1,7,4.99,65,25.99,PG-13,0
262,173,2,8,2,2006,1,7,4.99,65,25.99,PG-13,0
263,174,4,14,1,2006,1,6,4.99,180,13.99,NC-17,0
264,174,4,15,2,2006,1,6,4.99,180,13.99,NC-17,1
265,175,2,6,1,2006,1,3,2.99,122,27.99,PG-13,0
266,175,3,11,2,2006,1,3,2.99,122,27.99,PG-13,1
267,176,2,7,1,2006,1,6,0.99,87,21.99,PG-13,0
268,176,4,15,2,2006,1,6,0.99,87,21.99,PG-13,0
269,177,3,13,2,2006,1,4,4.99,172,20.99,R,0
270,178,2,6,1,2006,1,6,0.99,115,25.99,G,0
271,179,4,16,1,2006,1,4,4.99,173,14.99,G,0
272,180,2,5,2,2006,1,4,2.99,184,27.99,PG-13,0
273,181,3,10,1,2006,1,7,2.99,166,10.99,PG-13,1
274,181,4,16,2,2006,1,7,2.99,166,10.99,PG-13,0
275,182,2,7,1,2006,1,7,4.99,185,9.99,G,0
276,183,3,9,1,2006,1,4,4.99,112,14.99,R,0
277,183,3,7,2,2006,1,4,4.99,112,14.99,R,1
278,184,2,6,1,2006,1,3,2.99,92,24.99,PG-13,0
279,184,3,12,2,2006,1,3,2.99,92,24.99,PG-13,0
280,185,2,7,1,2006,1,3,2.99,146,10.99,PG,1
281,186,2,10,1,2006,1,6,0.99,64,17.99,NC-17,0
282,186,2,6,2,2006,1,6,0.99,64,17.99,NC-17,1
283,187,3,11,2,2006,1,5,2.99,57,12.99,NC-17,0
284,188,3,9,1,2006,1,7,2.99,136,24.99,PG,0
285,189,2,4,1,2006,1,3,0.99,139,23.99,NC-17,1
286,189,4,10,2,2006,1,3,0.99,139,23.99,NC-17,1
287,190,4,14,2,2006,1,5,4.99,172,23.99,NC-17,1
288,191,3,10,1,2006,1,6,0.99,143,27.99,PG-13,0
289,191,3,12,2,2006,1,6,0.99,143,27.99,PG-13,0
290,193,4,11,1,2006,1,5,2.99,153,20.99,G,1
291,193,4,10,2,2006,1,5,2.99,153,20.99,G,0
292,194,2,6,1,2006,1,6,0.99,104,22.99,PG,0
293,194,2,6,2,2006,1,6,0.99,104,22.99,PG,0
294,196,2,7,1,2006,1,7,0.99,69,29.99,G,1
295,197,2,8,1,2006,1,4,2.99,112,27.99,R,0
296,199,4,12,1,2006,1,4,2.99,56,29.99,R,1
297,199,4,11,2,2006,1,4,2.99,56,29.99,R,0
298,200,4,14,1,2006,1,7,0.99,133,27.99,PG-13,1
299,200,4,12,2,2006,1,7,0.99,133,27.99,PG-13,0
300,201,4,14,1,2006,1,7,2.99,176,18.99,PG,0
301,202,3,13,1,2006,1,5,4.99,161,26.99,G,1
302,203,4,16,2,2006,1,5,4.99,84,9.99,G,0
303,204,4,13,1,2006,1,4,0.99,106,25.99,PG,1
304,204,2,7,2,2006,1,4,0.99,106,25.99,PG,0
305,205,4,12,1,2006,1,3,0.99,58,22.99,NC-17,0
306,206,4,12,1,2006,1,6,0.99,144,25.99,G,0
307,206,4,15,2,2006,1,6,0.99,144,25.99,G,0
308,207,4,12,1,2006,1,7,4.99,121,26.99,PG,0
309,208,3,9,1,2006,1,7,2.99,89,16.99,PG-13,1
310,209,4,13,1,2006,1,6,2.99,99,24.99,NC-17,0
311,210,3,11,2,2006,1,3,4.99,130,13.99,NC-17,0
312,211,2,9,1,2006,1,7,4.99,165,20.99,PG-13,0
313,212,3,12,1,2006,1,7,4.99,185,14.99,G,1
314,212,2,6,2,2006,1,7,4.99,185,14.99,G,0
315,213,4,13,1,2006,1,4,0.99,104,19.99,R,0
316,214,4,9,2,2006,1,3,4.99,59,13.99,PG-13,0
317,215,3,11,1,2006,1,4,4.99,57,27.99,PG,1
318,215,3,7,2,2006,1,4,4.99,57,27.99,PG,0
319,216,2,5,1,2006,1,3,4.99,113,16.99,G,0
320,216,3,8,2,2006,1,3,4.99,113,16.99,G,0
321,218,4,11,1,2006,1,7,0.99,122,22.99,NC-17,0
322,218,3,10,2,2006,1,7,0.99,122,22.99,NC-17,0
323,219,4,13,1,2006,1,6,4.99,51,20.99,PG-13,1
324,220,4,12,1,2006,1,7,2.99,106,13.99,NC-17,0
325,220,4,16,2,2006,1,7,2.99,106,13.99,NC-17,0
326,222,2,7,1,2006,1,4,4.99,64,27.99,R,0
327,222,4,12,2,2006,1,4,4.99,64,27.99,R,0
328,223,2,8,2,2006,1,7,2.99,76,24.99,NC-17,0
329,224,2,6,1,2006,1,7,4.99,81,29.99,G,0
330,225,3,8,1,2006,1,3,0.99,76,19.99,PG-13,1
331,226,2,7,1,2006,1,4,4.99,56,20.99,G,0
332,226,3,9,2,2006,1,4,4.99,56,20.99,G,0
333,227,3,10,1,2006,1,4,4.99,88,17.99,R,1
334,227,2,8,2,2006,1,4,4.99,88,17.99,R,0
335,228,3,8,1,2006,1,4,0.99,143,16.99,PG-13,1
336,228,4,18,2,2006,1,4,0.99,143,16.99,PG-13,1
337,229,2,5,1,2006,1,6,4.99,87,12.99,R,0
338,229,2,9,2,2006,1,6,4.99,87,12.99,R,1
339,230,2,9,1,2006,1,7,2.99,107,20.99,G,1
340,231,4,9,1,2006,1,7,2.99,63,27.99,R,0
341,231,4,11,2,2006,1,7,2.99,63,27.99,R,1
342,232,3,8,1,2006,1,7,2.99,147,29.99,NC-17,0
343,232,2,7,2,2006,1,7,2.99,147,29.99,NC-17,0
344,233,4,13,1,2006,1,3,0.99,141,17.99,PG,0
345,233,2,5,2,2006,1,3,0.99,141,17.99,PG,1
346,234,4,14,1,2006,1,6,2.99,94,27.99,R,0
347,234,3,12,2,2006,1,6,2.99,94,27.99,R,0
348,235,2,8,1,2006,1,6,2.99,68,13.99,PG-13,0
349,235,4,13,2,2006,1,6,2.99,68,13.99,PG-13,0
350,236,4,14,2,2006,1,4,2.99,100,19.99,R,1
351,237,2,7,1,2006,1,3,2.99,47,21.99,G,0
352,238,2,7,1,2006,1,4,2.99,57,29.99,G,0
353,239,4,16,1,2006,1,5,4.99,122,16.99,G,0
354,239,4,14,2,2006,1,5,4.99,122,16.99,G,0
355,240,3,9,2,2006,1,7,2.99,120,10.99,PG-13,0
356,241,4,14,1,2006,1,4,0.99,125,20.99,NC-17,0
357,242,2,10,1,2006,1,4,0.99,68,13.99,R,1
358,242,3,11,2,2006,1,4,0.99,68,13.99,R,0
359,243,2,7,1,2006,1,3,4.99,49,22.99,NC-17,1
360,243,4,10,2,2006,1,3,4.99,49,22.99,NC-17,0
361,244,4,15,1,2006,1,5,4.99,139,26.99,NC-17,0
362,244,3,12,2,2006,1,5,4.99,139,26.99,NC-17,0
363,245,3,12,1,2006,1,4,0.99,177,28.99,R,1
364,245,4,13,2,2006,1,4,0.99,177,28.99,R,0
365,246,3,10,2,2006,1,5,4.99,154,16.99,R,1
366,247,3,10,1,2006,1,3,0.99,47,19.99,G,0
367,247,4,15,2,2006,1,3,0.99,47,19.99,G,0
368,248,2,7,2,2006,1,6,4.99,177,20.99,NC-17,0
369,249,2,9,1,2006,1,7,0.99,176,26.99,G,0
370,249,4,12,2,2006,1,7,0.99,176,26.99,G,0
371,250,4,11,2,2006,1,4,0.99,170,26.99,NC-17,1
372,251,2,6,1,2006,1,6,4.99,133,19.99,NC-17,0
373,251,3,11,2,2006,1,6,4.99,133,19.99,NC-17,0
374,252,3,11,1,2006,1,6,2.99,135,18.99,PG,1
375,252,3,11,2,2006,1,6,2.99,135,18.99,PG,0
376,253,4,15,1,2006,1,5,4.99,61,18.99,PG-13,1
377,253,2,8,2,2006,1,5,4.99,61,18.99,PG-13,0
378,254,2,4,1,2006,1,4,2.99,159,11.99,PG-13,1
379,254,3,13,2,2006,1,4,2.99,159,11.99,PG-13,1
380,255,4,13,1,2006,1,6,4.99,175,21.99,NC-17,1
381,255,2,8,2,2006,1,6,4.99,175,21.99,NC-17,0
382,256,3,9,2,2006,1,6,4.99,178,20.99,R,0
383,257,3,11,2,2006,1,3,0.99,110,14.99,G,0
384,258,4,13,2,2006,1,6,0.99,96,11.99,PG,0
385,259,2,6,1,2006,1,4,2.99,116,15.99,NC-17,1
386,260,4,16,2,2006,1,3,4.99,132,9.99,G,0
387,261,2,7,1,2006,1,5,0.99,171,13.99,G,0
388,262,2,6,2,2006,1,5,0.99,119,17.99,NC-17,0
389,263,4,13,1,2006,1,6,4.99,154,14.99,R,0
390,263,3,13,2,2006,1,6,4.99,154,14.99,R,1
391,264,2,8,2,2006,1,6,2.99,101,13.99,G,1
392,265,4,17,1,2006,1,5,4.99,168,28.99,PG,0
393,266,4,11,1,2006,1,4,0.99,141,27.99,PG-13,1
394,266,4,14,2,2006,1,4,0.99,141,27.99,PG-13,0
395,267,4,16,1,2006,1,4,4.99,140,14.99,NC-17,0
396,267,2,5,2,2006,1,4,4.99,140,14.99,NC-17,0
397,268,2,7,2,2006,1,6,4.99,96,27.99,NC-17,1
398,269,2,8,1,2006,1,3,0.99,98,22.99,R,1
399,269,4,11,2,2006,1,3,0.99,98,22.99,R,0
400,270,3,10,1,2006,1,7,0.99,85,29.99,NC-17,0
401,270,4,12,2,2006,1,7,0.99,85,29.99,NC-17,0
402,271,3,14,1,2006,1,5,4.99,148,12.99,G,0
403,271,2,9,2,2006,1,5,4.99,148,12.99,G,1
404,272,4,15,1,2006,1,5,4.99,153,9.99,NC-17,0
405,273,4,13,1,2006,1,6,0.99,107,14.99,PG,0
406,273,3,11,2,2006,1,6,0.99,107,14.99,PG,0
407,274,3,8,1,2006,1,4,2.99,67,20.99,PG,1
408,274,4,13,2,2006,1,4,2.99,67,20.99,PG,0
409,275,3,10,1,2006,1,3,0.99,85,11.99,PG,0
410,275,2,7,2,2006,1,3,0.99,85,11.99,PG,1
411,276,4,10,1,2006,1,6,4.99,115,28.99,NC-17,0
412,277,3,14,1,2006,1,4,4.99,126,24.99,PG-13,0
413,278,2,7,1,2006,1,4,4.99,155,19.99,NC-17,0
414,279,2,10,1,2006,1,7,4.99,152,11.99,NC-17,1
415,280,4,11,1,2006,1,7,0.99,177,26.99,G,0
416,280,2,10,2,2006,1,7,0.99,177,26.99,G,0
417,281,2,6,1,2006,1,6,0.99,143,9.99,G,0
418,281,4,12,2,2006,1,6,0.99,143,9.99,G,1
419,282,3,10,1,2006,1,5,0.99,92,20.99,NC-17,1
420,282,3,9,2,2006,1,5,0.99,92,20.99,NC-17,0
421,283,3,11,1,2006,1,6,0.99,85,10.99,NC-17,0
422,284,3,13,1,2006,1,5,4.99,77,23.99,NC-17,0
423,284,4,16,2,2006,1,5,4.99,77,23.99,NC-17,1
424,285,3,12,1,2006,1,3,0.99,51,18.99,PG-13,1
425,285,4,18,2,2006,1,3,0.99,51,18.99,PG-13,0
426,286,2,6,1,2006,1,7,2.99,158,16.99,NC-17,0
427,286,3,11,2,2006,1,7,2.99,158,16.99,NC-17,0
428,287,2,7,1,2006,1,5,0.99,176,19.99,R,0
429,287,2,8,2,2006,1,5,0.99,176,19.99,R,0
430,288,2,8,1,2006,1,7,2.99,167,20.99,R,0
431,288,4,17,2,2006,1,7,2.99,167,20.99,R,0
432,289,2,7,1,2006,1,5,4.99,66,25.99,G,0
433,290,3,13,1,2006,1,4,0.99,163,29.99,PG,1
434,291,4,12,1,2006,1,5,0.99,174,10.99,PG-13,0
435,292,3,10,1,2006,1,3,0.99,51,20.99,G,1
436,292,3,11,2,2006,1,3,0.99,51,20.99,G,0
437,293,2,7,1,2006,1,6,2.99,167,17.99,G,0
438,293,3,6,2,2006,1,6,2.99,167,17.99,G,0
439,294,2,8,1,2006,1,5,4.99,138,26.99,PG-13,0
440,294,3,10,2,2006,1,5,4.99,138,26.99,PG-13,0
441,295,4,16,1,2006,1,3,0.99,97,14.99,PG,0
442,295,4,12,2,2006,1,3,0.99,97,14.99,PG,1
443,296,4,13,1,2006,1,5,2.99,178,23.99,R,0
444,297,2,6,2,2006,1,6,2.99,122,29.99,G,0
445,298,2,8,1,2006,1,4,2.99,172,13.99,PG-13,0
446,298,3,11,2,2006,1,4,2.99,172,13.99,PG-13,0
447,299,4,17,1,2006,1,4,0.99,144,9.99,PG-13,0
448,300,2,8,1,2006,1,5,4.99,102,21.99,PG-13,1
449,300,4,13,2,2006,1,5,4.99,102,21.99,PG-13,0
450,301,4,14,1,2006,1,4,0.99,155,24.99,R,1
451,301,4,13,2,2006,1,4,0.99,155,24.99,R,0
452,302,2,8,1,2006,1,5,2.99,131,29.99,G,0
453,302,4,11,2,2006,1,5,2.99,131,29.99,G,1
454,303,4,16,1,2006,1,6,0.99,58,27.99,PG-13,0
455,303,2,10,2,2006,1,6,0.99,58,27.99,PG-13,0
456,304,4,15,1,2006,1,3,2.99,130,28.99,G,1
457,304,2,9,2,2006,1,3,2.99,130,28.99,G,0
458,305,4,16,1,2006,1,6,2.99,91,24.99,PG,0
459,305,3,12,2,2006,1,6,2.99,91,24.99,PG,0
460,306,3,11,1,2006,1,3,0.99,104,12.99,PG-13,1
461,307,3,13,1,2006,1,6,4.99,77,9.99,NC-17,0
462,307,3,13,2,2006,1,6,4.99,77,9.99,NC-17,0
463,308,2,8,1,2006,1,3,2.99,142,13.99,PG,0
464,308,2,9,2,2006,1,3,2.99,142,13.99,PG,0
465,309,2,8,1,2006,1,6,0.99,98,29.99,R,0
466,309,4,17,2,2006,1,6,0.99,98,29.99,R,0
467,310,2,5,1,2006,1,5,4.99,158,20.99,R,0
468,311,3,7,1,2006,1,4,0.99,72,14.99,PG,1
469,311,4,12,2,2006,1,4,0.99,72,14.99,PG,0
470,312,3,10,2,2006,1,4,4.99,75,20.99,R,1
471,313,4,14,1,2006,1,5,4.99,118,11.99,G,0
472,313,2,7,2,2006,1,5,4.99,118,11.99,G,0
473,314,2,8,1,2006,1,3,0.99,91,13.99,R,0
474,314,4,13,2,2006,1,3,0.99,91,13.99,R,0
475,315,3,12,2,2006,1,4,0.99,156,10.99,R,0
476,316,2,7,2,2006,1,5,4.99,173,18.99,R,0
477,317,4,11,1,2006,1,4,0.99,148,25.99,PG,1
478,317,3,10,2,2006,1,4,0.99,148,25.99,PG,0
479,319,3,11,1,2006,1,4,2.99,125,22.99,R,0
480,319,4,14,2,2006,1,4,2.99,125,22.99,R,1
481,320,3,8,1,2006,1,4,4.99,80,28.99,PG-13,0
482,320,4,15,2,2006,1,4,4.99,80,28.99,PG-13,0
483,321,4,13,1,2006,1,3,4.99,123,21.99,NC-17,0
484,322,4,15,1,2006,1,5,2.99,100,29.99,G,1
485,322,2,7,2,2006,1,5,2.99,100,29.99,G,0
486,323,4,12,2,2006,1,7,4.99,179,22.99,R,0
487,324,3,11,1,2006,1,3,4.99,148,11.99,PG-13,0
488,324,2,6,2,2006,1,3,4.99,148,11.99,PG-13,0
489,326,2,5,1,2006,1,6,2.99,69,18.99,NC-17,0
490,326,4,14,2,2006,1,6,2.99,69,18.99,NC-17,1
491,327,4,15,1,2006,1,3,4.99,158,24.99,PG,0
492,327,2,8,2,2006,1,3,4.99,158,24.99,PG,0
493,328,4,13,2,2006,1,7,2.99,131,28.99,NC-17,0
494,329,3,9,1,2006,1,4,2.99,63,15.99,R,0
495,329,3,9,2,2006,1,4,2.99,63,15.99,R,1
496,330,4,15,1,2006,1,7,4.99,112,22.99,NC-17,1
497,330,3,11,2,2006,1,7,4.99,112,22.99,NC-17,0
498,331,4,15,1,2006,1,6,2.99,90,25.99,NC-17,1
499,331,4,17,2,2006,1,6,2.99,90,25.99,NC-17,1
500,333,2,8,1,2006,1,7,2.99,126,16.99,R,0
501,333,2,9,2,2006,1,7,2.99,126,16.99,R,0
502,334,2,8,1,2006,1,6,4.99,65,21.99,NC-17,1
503,334,4,15,2,2006,1,6,4.99,65,21.99,NC-17,0
504,335,2,5,1,2006,1,5,0.99,133,23.99,PG-13,0
505,336,3,13,1,2006,1,5,4.99,99,22.99,PG,0
506,336,2,4,2,2006,1,5,4.99,99,22.99,PG,1
507,337,2,6,1,2006,1,6,2.99,73,11.99,R,0
508,337,2,4,2,2006,1,6,2.99,73,11.99,R,1
509,338,3,8,2,2006,1,6,4.99,51,23.99,PG,0
510,339,3,10,2,2006,1,5,0.99,111,17.99,R,0
511,340,2,6,1,2006,1,6,4.99,183,14.99,PG-13,1
512,341,4,16,1,2006,1,5,0.99,82,13.99,PG,0
513,341,4,13,2,2006,1,5,0.99,82,13.99,PG,0
514,342,4,11,1,2006,1,7,4.99,83,28.99,R,1
515,343,2,5,1,2006,1,6,2.99,94,14.99,PG,0
516,344,3,12,1,2006,1,3,0.99,178,28.99,PG-13,0
517,344,2,7,2,2006,1,3,0.99,178,28.99,PG-13,1
518,345,3,12,1,2006,1,3,0.99,161,17.99,PG,0
519,345,2,6,2,2006,1,3,0.99,161,17.99,PG,0
520,346,2,7,1,2006,1,4,4.99,128,13.99,R,1
521,346,4,11,2,2006,1,4,4.99,128,13.99,R,1
522,347,4,14,1,2006,1,7,4.99,119,17.99,PG-13,0
523,348,4,17,2,2006,1,7,0.99,86,9.99,PG-13,1
524,349,4,17,1,2006,1,4,2.99,185,27.99,PG-13,0
525,349,3,10,2,2006,1,4,2.99,185,27.99,PG-13,1
526,350,4,9,1,2006,1,3,4.99,80,21.99,G,0
527,350,4,11,2,2006,1,3,4.99,80,21.99,G,0
528,351,3,8,1,2006,1,4,2.99,106,10.99,PG,0
529,351,3,8,2,2006,1,4,2.99,106,10.99,PG,1
530,352,4,11,2,2006,1,4,0.99,176,22.99,PG-13,0
531,353,2,6,1,2006,1,6,2.99,125,22.99,NC-17,0
532,353,4,17,2,2006,1,6,2.99,125,22.99,NC-17,1
533,354,3,12,1,2006,1,6,4.99,85,18.99,G,0
534,354,2,8,2,2006,1,6,4.99,85,18.99,G,0
535,355,2,9,2,2006,1,7,0.99,101,18.99,R,0
536,356,4,15,1,2006,1,5,2.99,102,10.99,R,0
537,356,4,13,2,2006,1,5,2.99,102,10.99,R,0
538,357,4,9,2,2006,1,7,0.99,114,13.99,G,1
539,358,4,17,1,2006,1,5,0.99,163,29.99,R,1
540,358,4,11,2,2006,1,5,0.99,163,29.99,R,0
541,360,4,14,1,2006,1,4,0.99,103,24.99,G,0
542,361,4,14,1,2006,1,5,2.99,89,25.99,NC-17,0
543,361,4,14,2,2006,1,5,2.99,89,25.99,NC-17,0
544,362,2,5,1,2006,1,7,2.99,115,13.99,PG-13,1
545,363,3,11,1,2006,1,3,0.99,54,12.99,R,1
546,363,3,9,2,2006,1,3,0.99,54,12.99,R,0
547,364,3,8,1,2006,1,3,2.99,73,14.99,NC-17,0
548,365,2,8,1,2006,1,4,4.99,154,21.99,R,1
549,365,2,6,2,2006,1,4,4.99,154,21.99,R,1
550,366,4,16,1,2006,1,3,0.99,93,29.99,G,1
551,366,3,8,2,2006,1,3,0.99,93,29.99,G,0
552,367,4,15,1,2006,1,6,0.99,153,20.99,R,0
553,367,3,12,2,2006,1,6,0.99,153,20.99,R,0
554,368,2,10,1,2006,1,7,2.99,84,20.99,R,1
555,369,4,15,1,2006,1,4,4.99,56,22.99,PG,0
556,369,4,16,2,2006,1,4,4.99,56,22.99,PG,0
557,370,3,11,1,2006,1,4,2.99,108,26.99,R,0
558,370,2,7,2,2006,1,4,2.99,108,26.99,R,0
559,371,3,8,1,2006,1,5,4.99,129,17.99,G,1
560,372,2,6,1,2006,1,5,4.99,140,26.99,R,0
561,373,3,9,1,2006,1,7,2.99,156,14.99,G,0
562,373,2,7,2,2006,1,7,2.99,156,14.99,G,1
563,374,3,14,1,2006,1,3,0.99,117,29.99,PG,0
564,374,4,16,2,2006,1,3,0.99,117,29.99,PG,1
565,375,2,9,1,2006,1,4,2.99,85,17.99,NC-17,0
566,376,4,11,1,2006,1,4,0.99,155,20.99,G,0
567,376,3,10,2,2006,1,4,0.99,155,20.99,G,1
568,377,3,12,1,2006,1,7,0.99,135,20.99,G,0
569,377,3,9,2,2006,1,7,0.99,135,20.99,G,0
570,378,4,15,1,2006,1,5,2.99,93,24.99,NC-17,0
571,378,4,14,2,2006,1,5,2.99,93,24.99,NC-17,1
572,379,4,14,2,2006,1,7,0.99,166,14.99,R,1
573,380,2,6,1,2006,1,7,2.99,176,11.99,PG,0
574,380,3,11,2,2006,1,7,2.99,176,11.99,PG,0
575,381,2,5,1,2006,1,7,4.99,150,25.99,R,1
576,381,3,9,2,2006,1,7,4.99,150,25.99,R,0
577,382,4,16,1,2006,1,3,0.99,137,21.99,PG,0
578,382,4,16,2,2006,1,3,0.99,137,21.99,PG,0
579,383,3,9,1,2006,1,6,0.99,111,13.99,NC-17,0
580,383,2,9,2,2006,1,6,0.99,111,13.99,NC-17,0
581,384,3,8,2,2006,1,5,4.99,49,19.99,R,1
582,385,2,7,1,2006,1,6,4.99,139,26.99,PG-13,0
583,385,3,10,2,2006,1,6,4.99,139,26.99,PG-13,0
584,387,3,12,1,2006,1,7,0.99,100,27.99,G,1
585,387,3,13,2,2006,1,7,0.99,100,27.99,G,0
586,388,3,10,1,2006,1,5,0.99,70,16.99,NC-17,0
587,388,3,12,2,2006,1,5,0.99,70,16.99,NC-17,1
588,389,2,7,1,2006,1,3,2.99,127,9.99,PG-13,0
589,389,2,5,2,2006,1,3,2.99,127,9.99,PG-13,1
590,390,3,9,1,2006,1,4,4.99,84,20.99,R,1
591,391,4,15,1,2006,1,6,2.99,146,25.99,PG-13,0
592,391,3,9,2,2006,1,6,2.99,146,25.99,PG-13,0
593,392,4,11,1,2006,1,5,4.99,51,13.99,NC-17,1
594,392,2,5,2,2006,1,5,4.99,51,13.99,NC-17,1
595,393,2,10,1,2006,1,6,2.99,47,19.99,PG-13,1
596,394,4,14,1,2006,1,7,2.99,146,21.99,R,0
597,395,3,15,1,2006,1,4,0.99,108,28.99,R,1
598,395,3,13,2,2006,1,4,0.99,108,28.99,R,0
599,396,4,19,2,2006,1,5,4.99,62,18.99,G,0
600,397,3,13,1,2006,1,5,2.99,107,26.99,NC-17,0
601,397,4,13,2,2006,1,5,2.99,107,26.99,NC-17,0
602,398,4,17,2,2006,1,5,4.99,47,21.99,NC-17,0
603,399,2,5,2,2006,1,6,2.99,100,23.99,G,1
604,400,2,4,1,2006,1,7,2.99,72,15.99,R,0
605,401,2,8,1,2006,1,6,0.99,168,10.99,NC-17,1
606,402,3,10,1,2006,1,3,0.99,52,15.99,G,1
607,402,3,10,2,2006,1,3,0.99,52,15.99,G,0
608,403,4,15,1,2006,1,5,4.99,121,18.99,PG-13,0
609,403,4,14,2,2006,1,5,4.99,121,18.99,PG-13,1
610,405,2,5,2,2006,1,6,4.99,76,13.99,NC-17,0
611,406,2,7,1,2006,1,5,0.99,181,22.99,R,1
612,406,4,15,2,2006,1,5,0.99,181,22.99,R,0
613,407,2,7,1,2006,1,5,0.99,47,12.99,PG-13,0
614,408,4,12,1,2006,1,4,4.99,69,28.99,R,0
615,408,3,10,2,2006,1,4,4.99,69,28.99,R,0
616,409,4,10,1,2006,1,3,4.99,59,9.99,G,1
617,409,3,10,2,2006,1,3,4.99,59,9.99,G,1
618,410,3,8,1,2006,1,7,2.99,48,19.99,PG,0
619,410,2,10,2,2006,1,7,2.99,48,19.99,PG,1
620,411,2,7,1,2006,1,5,4.99,49,13.99,NC-17,1
621,412,4,12,1,2006,1,6,4.99,102,25.99,G,1
622,412,4,11,2,2006,1,6,4.99,102,25.99,G,1
623,413,3,12,1,2006,1,7,2.99,169,16.99,NC-17,0
624,414,3,10,1,2006,1,3,2.99,75,23.99,PG,0
625,414,3,10,2,2006,1,3,2.99,75,23.99,PG,0
626,415,3,13,1,2006,1,3,2.99,84,23.99,R,0
627,415,3,9,2,2006,1,3,2.99,84,23.99,R,1
628,416,2,6,1,2006,1,6,0.99,110,10.99,R,0
629,416,4,15,2,2006,1,6,0.99,110,10.99,R,0
630,417,4,15,1,2006,1,5,0.99,93,29.99,G,0
631,417,2,10,2,2006,1,5,0.99,93,29.99,G,1
632,418,4,15,1,2006,1,5,0.99,157,27.99,PG-13,0
633,418,4,16,2,2006,1,5,0.99,157,27.99,PG-13,0
634,420,2,4,1,2006,1,7,4.99,128,27.99,PG,0
635,420,3,10,2,2006,1,7,4.99,128,27.99,PG,0
636,421,4,15,2,2006,1,7,4.99,78,10.99,PG-13,0
637,422,2,10,2,2006,1,7,4.99,136,25.99,NC-17,0
638,423,2,7,1,2006,1,7,0.99,69,29.99,PG,0
639,423,2,6,2,2006,1,7,0.99,69,29.99,PG,1
640,424,3,11,1,2006,1,6,0.99,149,12.99,R,1
641,424,2,6,2,2006,1,6,0.99,149,12.99,R,0
642,425,2,9,2,2006,1,6,0.99,88,20.99,R,0
643,426,3,14,2,2006,1,7,4.99,185,15.99,R,0
644,427,4,16,1,2006,1,5,0.99,103,19.99,R,1
645,428,4,17,1,2006,1,6,2.99,141,21.99,PG-13,0
646,428,2,5,2,2006,1,6,2.99,141,21.99,PG-13,1
647,429,2,8,1,2006,1,3,0.99,84,29.99,R,1
648,429,4,11,2,2006,1,3,0.99,84,29.99,R,0
649,430,4,13,2,2006,1,7,0.99,49,23.99,G,0
650,431,3,8,2,2006,1,3,2.99,176,12.99,G,0
651,432,3,9,1,2006,1,4,2.99,139,22.99,NC-17,0
652,432,2,9,2,2006,1,4,2.99,139,22.99,NC-17,0
653,433,4,17,1,2006,1,4,2.99,95,23.99,PG,1
654,433,2,7,2,2006,1,4,2.99,95,23.99,PG,1
655,434,4,13,1,2006,1,3,0.99,139,25.99,R,0
656,434,4,14,2,2006,1,3,0.99,139,25.99,R,0
657,435,2,9,1,2006,1,6,4.99,181,28.99,PG-13,0
658,436,3,9,1,2006,1,4,0.99,122,14.99,NC-17,0
659,436,3,10,2,2006,1,4,0.99,122,14.99,NC-17,1
660,437,2,6,1,2006,1,7,2.99,109,13.99,R,0
661,437,4,17,2,2006,1,7,2.99,109,13.99,R,0
662,438,2,6,1,2006,1,3,2.99,68,22.99,NC-17,0
663,438,3,9,2,2006,1,3,2.99,68,22.99,NC-17,1
664,439,4,10,1,2006,1,4,4.99,151,28.99,PG-13,0
665,439,2,9,2,2006,1,4,4.99,151,28.99,PG-13,1
666,440,2,4,1,2006,1,6,0.99,105,21.99,G,0
667,440,2,8,2,2006,1,6,0.99,105,21.99,G,1
668,441,2,5,1,2006,1,5,2.99,125,21.99,PG-13,1
669,442,3,15,1,2006,1,6,2.99,65,24.99,NC-17,0
670,443,3,10,1,2006,1,6,2.99,49,11.99,PG,0
671,443,4,14,2,2006,1,6,2.99,49,11.99,PG,0
672,444,4,12,1,2006,1,3,4.99,83,22.99,NC-17,1
673,444,4,10,2,2006,1,3,4.99,83,22.99,NC-17,1
674,445,3,13,1,2006,1,5,2.99,100,11.99,G,1
675,445,3,12,2,2006,1,5,2.99,100,11.99,G,0
676,446,2,7,1,2006,1,5,4.99,150,19.99,PG,0
677,446,2,8,2,2006,1,5,4.99,150,19.99,PG,1
678,447,4,16,1,2006,1,5,2.99,131,28.99,R,0
679,447,3,8,2,2006,1,5,2.99,131,28.99,R,0
680,448,2,8,1,2006,1,3,2.99,172,25.99,PG-13,0
681,448,3,9,2,2006,1,3,2.99,172,25.99,PG-13,1
682,449,4,13,2,2006,1,4,2.99,119,12.99,PG-13,0
683,450,3,10,1,2006,1,5,2.99,84,29.99,NC-17,0
684,450,4,20,2,2006,1,5,2.99,84,29.99,NC-17,0
685,451,2,9,1,2006,1,7,4.99,160,12.99,NC-17,0
686,451,3,9,2,2006,1,7,4.99,160,12.99,NC-17,0
687,452,4,15,2,2006,1,4,0.99,122,15.99,R,0
688,453,3,9,1,2006,1,3,2.99,178,17.99,PG-13,0
689,453,2,5,2,2006,1,3,2.99,178,17.99,PG-13,0
690,454,2,9,1,2006,1,6,0.99,180,20.99,PG-13,1
691,455,4,14,1,2006,1,7,4.99,103,11.99,NC-17,0
692,456,2,5,1,2006,1,6,4.99,167,18.99,NC-17,0
693,456,4,13,2,2006,1,6,4.99,167,18.99,NC-17,0
694,457,2,5,1,2006,1,5,0.99,157,21.99,NC-17,1
695,457,4,14,2,2006,1,5,0.99,157,21.99,NC-17,0
696,458,2,5,1,2006,1,4,0.99,135,26.99,NC-17,1
697,458,4,11,2,2006,1,4,0.99,135,26.99,NC-17,0
698,459,2,5,2,2006,1,4,4.99,74,23.99,NC-17,1
699,460,4,14,1,2006,1,3,4.99,178,26.99,PG-13,1
700,460,4,12,2,2006,1,3,4.99,178,26.99,PG-13,1
701,461,2,6,1,2006,1,3,0.99,123,14.99,NC-17,0
702,461,4,11,2,2006,1,3,0.99,123,14.99,NC-17,0
703,462,2,8,1,2006,1,5,2.99,78,17.99,NC-17,0
704,462,3,10,2,2006,1,5,2.99,78,17.99,NC-17,0
705,463,3,12,1,2006,1,4,2.99,116,21.99,PG,1
706,463,2,6,2,2006,1,4,2.99,116,21.99,PG,0
707,464,4,8,1,2006,1,3,2.99,107,13.99,PG-13,0
708,464,3,7,2,2006,1,3,2.99,107,13.99,PG-13,1
709,465,2,8,1,2006,1,4,4.99,59,17.99,R,0
710,465,3,12,2,2006,1,4,4.99,59,17.99,R,0
711,466,2,9,1,2006,1,6,4.99,63,20.99,PG-13,1
712,467,4,9,1,2006,1,6,0.99,181,10.99,G,1
713,467,3,10,2,2006,1,6,0.99,181,10.99,G,0
714,468,4,15,1,2006,1,5,2.99,97,12.99,PG,0
715,468,4,12,2,2006,1,5,2.99,97,12.99,PG,0
716,469,3,11,2,2006,1,7,4.99,46,27.99,PG,1
717,470,2,7,1,2006,1,4,4.99,79,24.99,R,0
718,471,3,12,1,2006,1,7,2.99,84,23.99,NC-17,0
719,471,4,14,2,2006,1,7,2.99,84,23.99,NC-17,1
720,472,2,6,2,2006,1,3,4.99,174,24.99,G,0
721,473,2,7,1,2006,1,5,2.99,181,16.99,PG-13,0
722,473,3,11,2,2006,1,5,2.99,181,16.99,PG-13,0
723,474,4,18,2,2006,1,6,2.99,174,21.99,NC-17,0
724,475,2,6,2,2006,1,6,0.99,135,29.99,G,0
725,476,3,8,1,2006,1,5,2.99,130,9.99,NC-17,1
726,476,4,15,2,2006,1,5,2.99,130,9.99,NC-17,1
727,477,3,10,2,2006,1,5,0.99,118,15.99,PG,1
728,478,2,4,1,2006,1,4,2.99,112,10.99,G,1
729,478,3,10,2,2006,1,4,2.99,112,10.99,G,0
730,479,2,9,1,2006,1,7,0.99,128,12.99,PG,0
731,479,3,10,2,2006,1,7,0.99,128,12.99,PG,1
732,480,2,8,1,2006,1,3,2.99,84,29.99,R,1
733,480,2,8,2,2006,1,3,2.99,84,29.99,R,1
734,481,3,9,1,2006,1,4,2.99,58,22.99,PG,0
735,481,3,8,2,2006,1,4,2.99,58,22.99,PG,1
736,482,3,10,1,2006,1,3,0.99,102,12.99,R,0
737,483,3,11,1,2006,1,3,2.99,171,29.99,NC-17,1
738,483,2,6,2,2006,1,3,2.99,171,29.99,NC-17,1
739,484,4,9,1,2006,1,3,2.99,172,13.99,NC-17,1
740,484,3,11,2,2006,1,3,2.99,172,13.99,NC-17,0
741,485,3,6,2,2006,1,6,4.99,60,16.99,PG,0
742,486,4,15,1,2006,1,7,4.99,59,14.99,R,1
743,486,2,5,2,2006,1,7,4.99,59,14.99,R,0
744,487,3,13,2,2006,1,6,4.99,124,29.99,PG-13,1
745,488,2,7,1,2006,1,3,0.99,105,23.99,NC-17,0
746,488,3,10,2,2006,1,3,0.99,105,23.99,NC-17,0
747,489,4,18,1,2006,1,4,0.99,54,14.99,PG-13,0
748,489,4,13,2,2006,1,4,0.99,54,14.99,PG-13,1
749,490,2,8,1,2006,1,4,2.99,121,13.99,G,0
750,491,2,8,1,2006,1,4,0.99,74,18.99,NC-17,0
751,491,4,16,2,2006,1,4,0.99,74,18.99,NC-17,0
752,492,2,9,1,2006,1,6,0.99,134,11.99,NC-17,0
753,493,3,14,2,2006,1,5,0.99,92,18.99,R,0
754,494,4,15,1,2006,1,4,0.99,120,21.99,PG-13,1
755,494,2,8,2,2006,1,4,0.99,120,21.99,PG-13,0
756,496,2,8,1,2006,1,3,0.99,179,10.99,PG-13,0
757,496,3,11,2,2006,1,3,0.99,179,10.99,PG-13,0
758,498,2,6,1,2006,1,7,2.99,161,11.99,R,1
759,499,2,9,1,2006,1,3,4.99,184,24.99,NC-17,1
760,500,4,11,1,2006,1,5,4.99,163,11.99,PG-13,0
761,500,4,11,2,2006,1,5,4.99,163,11.99,PG-13,0
762,501,3,13,1,2006,1,3,4.99,141,9.99,R,1
763,501,2,7,2,2006,1,3,4.99,141,9.99,R,0
764,502,4,14,1,2006,1,4,2.99,71,21.99,PG-13,0
765,502,3,10,2,2006,1,4,2.99,71,21.99,PG-13,0
766,503,3,9,1,2006,1,3,2.99,171,24.99,R,0
767,504,4,14,1,2006,1,5,0.99,46,25.99,PG-13,1
768,504,2,9,2,2006,1,5,0.99,46,25.99,PG-13,0
769,505,4,15,2,2006,1,6,2.99,46,24.99,PG-13,0
770,506,4,12,1,2006,1,4,4.99,67,14.99,PG,1
771,506,2,4,2,2006,1,4,4.99,67,14.99,PG,0
772,507,2,6,2,2006,1,4,0.99,113,13.99,NC-17,0
773,508,3,10,2,2006,1,6,4.99,144,18.99,PG-13,1
774,509,3,11,2,2006,1,5,0.99,78,26.99,NC-17,0
775,510,4,16,1,2006,1,6,4.99,181,29.99,G,0
776,511,2,7,1,2006,1,7,0.99,175,23.99,NC-17,0
777,511,3,6,2,2006,1,7,0.99,175,23.99,NC-17,1
778,512,2,6,1,2006,1,5,4.99,110,25.99,PG-13,0
779,512,4,11,2,2006,1,5,4.99,110,25.99,PG-13,1
780,513,2,7,2,2006,1,6,2.99,153,21.99,PG-13,0
781,514,2,6,1,2006,1,6,2.99,69,17.99,PG-13,0
782,514,4,15,2,2006,1,6,2.99,69,17.99,PG-13,0
783,515,2,9,2,2006,1,7,4.99,113,14.99,PG,0
784,516,3,9,2,2006,1,7,0.99,59,18.99,PG,0
785,517,2,7,2,2006,1,3,0.99,167,28.99,NC-17,0
786,518,2,9,1,2006,1,5,4.99,140,15.99,PG,0
787,518,4,13,2,2006,1,5,4.99,140,15.99,PG,1
788,519,4,12,2,2006,1,3,2.99,138,27.99,G,0
789,520,2,7,1,2006,1,7,2.99,91,28.99,NC-17,0
790,521,4,16,1,2006,1,7,4.99,147,28.99,NC-17,1
791,521,3,11,2,2006,1,7,4.99,147,28.99,NC-17,0
792,522,2,10,2,2006,1,4,2.99,137,9.99,NC-17,0
793,523,2,8,1,2006,1,7,0.99,174,21.99,R,0
794,524,2,7,1,2006,1,6,0.99,50,13.99,PG,0
795,524,4,11,2,2006,1,6,0.99,50,13.99,PG,1
796,525,4,11,1,2006,1,4,0.99,140,29.99,R,1
797,525,4,15,2,2006,1,4,0.99,140,29.99,R,0
798,526,4,16,2,2006,1,7,2.99,120,10.99,R,0
799,527,2,7,1,2006,1,4,4.99,85,24.99,PG,0
800,527,4,17,2,2006,1,4,4.99,85,24.99,PG,0
801,528,3,10,1,2006,1,4,2.99,155,25.99,NC-17,1
802,529,4,15,1,2006,1,3,2.99,67,12.99,G,0
803,530,3,10,1,2006,1,5,2.99,108,27.99,PG-13,0
804,531,4,12,1,2006,1,3,0.99,137,18.99,R,0
805,531,4,15,2,2006,1,3,0.99,137,18.99,R,0
806,532,4,15,2,2006,1,5,4.99,80,28.99,PG,0
807,533,3,12,1,2006,1,4,2.99,98,21.99,PG-13,0
808,534,2,5,1,2006,1,5,0.99,70,18.99,PG-13,1
809,534,3,12,2,2006,1,5,0.99,70,18.99,PG-13,1
810,535,4,20,1,2006,1,6,0.99,181,21.99,R,0
811,536,3,6,1,2006,1,3,2.99,65,18.99,PG,1
812,536,2,7,2,2006,1,3,2.99,65,18.99,PG,0
813,537,3,10,2,2006,1,3,2.99,75,29.99,G,1
814,538,3,12,2,2006,1,7,0.99,162,19.99,PG-13,0
815,539,2,10,1,2006,1,7,2.99,152,21.99,NC-17,0
816,540,3,13,1,2006,1,7,2.99,97,10.99,PG-13,0
817,541,2,7,2,2006,1,5,2.99,74,21.99,NC-17,1
818,542,4,10,1,2006,1,3,2.99,52,28.99,G,1
819,542,2,3,2,2006,1,3,2.99,52,28.99,G,0
820,543,2,10,1,2006,1,5,4.99,116,20.99,R,1
821,544,2,6,1,2006,1,4,2.99,147,11.99,R,0
822,544,2,9,2,2006,1,4,2.99,147,11.99,R,0
823,545,4,18,1,2006,1,4,0.99,178,14.99,PG-13,0
824,545,2,7,2,2006,1,4,0.99,178,14.99,PG-13,0
825,546,4,14,2,2006,1,7,2.99,98,27.99,PG-13,1
826,547,2,7,2,2006,1,3,0.99,117,19.99,PG,1
827,548,2,8,1,2006,1,3,2.99,53,27.99,R,1
828,549,2,6,1,2006,1,4,0.99,171,28.99,PG-13,0
829,549,2,5,2,2006,1,4,0.99,171,28.99,PG-13,1
830,550,3,9,1,2006,1,6,2.99,74,22.99,NC-17,0
831,551,3,11,1,2006,1,3,4.99,138,9.99,PG,0
832,551,3,13,2,2006,1,3,4.99,138,9.99,PG,0
833,552,4,17,2,2006,1,5,0.99,130,15.99,PG,0
834,553,3,10,2,2006,1,4,0.99,136,12.99,PG-13,1
835,554,4,13,1,2006,1,6,2.99,159,22.99,G,0
836,554,3,13,2,2006,1,6,2.99,159,22.99,G,0
837,555,3,11,1,2006,1,4,0.99,133,25.99,PG,1
838,555,4,14,2,2006,1,4,0.99,133,25.99,PG,0
839,556,3,11,1,2006,1,6,4.99,127,26.99,PG-13,1
840,556,4,11,2,2006,1,6,4.99,127,26.99,PG-13,0
841,557,2,8,1,2006,1,5,2.99,177,27.99,PG,1
842,557,3,7,2,2006,1,5,2.99,177,27.99,PG,1
843,558,2,5,2,2006,1,3,2.99,71,18.99,PG-13,1
844,559,4,15,1,2006,1,7,2.99,114,22.99,G,0
845,559,4,15,2,2006,1,7,2.99,114,22.99,G,1
846,560,3,10,1,2006,1,6,0.99,62,21.99,NC-17,0
847,560,2,9,2,2006,1,6,0.99,62,21.99,NC-17,0
848,561,4,17,1,2006,1,6,2.99,123,26.99,NC-17,1
849,562,4,13,1,2006,1,6,0.99,151,12.99,PG-13,0
850,562,2,7,2,2006,1,6,0.99,151,12.99,PG-13,0
851,563,4,17,1,2006,1,6,4.99,165,16.99,R,1
852,563,3,13,2,2006,1,6,4.99,165,16.99,R,0
853,564,3,12,2,2006,1,4,2.99,161,11.99,PG,0
854,565,2,9,1,2006,1,6,4.99,56,9.99,PG-13,0
855,566,2,8,1,2006,1,6,0.99,72,20.99,R,0
856,567,2,8,1,2006,1,3,2.99,80,26.99,G,0
857,567,2,4,2,2006,1,3,2.99,80,26.99,G,0
858,568,2,6,1,2006,1,4,4.99,77,11.99,NC-17,1
859,568,2,7,2,2006,1,4,4.99,77,11.99,NC-17,0
860,569,2,7,1,2006,1,7,2.99,147,18.99,G,0
861,570,2,5,1,2006,1,5,4.99,104,20.99,NC-17,1
862,570,3,11,2,2006,1,5,4.99,104,20.99,NC-17,1
863,571,2,10,1,2006,1,6,2.99,161,26.99,PG-13,0
864,571,4,15,2,2006,1,6,2.99,161,26.99,PG-13,0
865,572,4,9,1,2006,1,4,2.99,64,9.99,PG-13,1
866,572,4,17,2,2006,1,4,2.99,64,9.99,PG-13,0
867,573,4,13,1,2006,1,6,2.99,105,22.99,PG-13,1
868,574,2,7,1,2006,1,3,0.99,86,19.99,G,0
869,574,3,9,2,2006,1,3,0.99,86,19.99,G,1
870,575,2,8,1,2006,1,3,4.99,48,27.99,G,0
871,575,4,14,2,2006,1,3,4.99,48,27.99,G,0
872,576,3,12,2,2006,1,7,2.99,122,13.99,PG,1
873,577,3,13,1,2006,1,4,0.99,64,10.99,PG,0
874,578,2,7,1,2006,1,4,4.99,142,16.99,PG-13,0
875,578,3,13,2,2006,1,4,4.99,142,16.99,PG-13,0
876,579,4,13,1,2006,1,3,4.99,149,22.99,PG-13,0
877,579,3,7,2,2006,1,3,4.99,149,22.99,PG-13,1
878,580,4,14,1,2006,1,3,4.99,166,12.99,PG-13,1
879,580,2,5,2,2006,1,3,4.99,166,12.99,PG-13,0
880,581,3,11,1,2006,1,4,0.99,59,16.99,G,1
881,582,2,9,2,2006,1,3,2.99,162,19.99,PG-13,0
882,583,3,11,1,2006,1,3,4.99,164,26.99,PG-13,0
883,583,2,7,2,2006,1,3,4.99,164,26.99,PG-13,0
884,584,2,4,1,2006,1,6,2.99,180,26.99,PG-13,0
885,585,4,12,2,2006,1,4,0.99,105,25.99,G,0
886,586,4,11,1,2006,1,4,0.99,60,27.99,PG,1
887,586,4,12,2,2006,1,4,0.99,60,27.99,PG,0
888,587,3,11,1,2006,1,6,4.99,77,20.99,NC-17,1
889,588,4,15,2,2006,1,4,4.99,175,11.99,NC-17,0
890,589,4,15,2,2006,1,3,0.99,74,20.99,PG,0
891,590,3,10,1,2006,1,3,2.99,135,17.99,PG,0
892,590,4,10,2,2006,1,3,2.99,135,17.99,PG,0
893,591,3,9,2,2006,1,6,4.99,182,20.99,PG,1
894,592,2,7,1,2006,1,6,2.99,107,28.99,PG,0
895,592,2,7,2,2006,1,6,2.99,107,28.99,PG,0
896,593,4,13,2,2006,1,6,0.99,158,13.99,G,0
897,594,3,9,1,2006,1,6,0.99,126,22.99,NC-17,1
898,595,4,15,1,2006,1,7,0.99,83,20.99,PG,1
899,595,4,14,2,2006,1,7,0.99,83,20.99,PG,0
900,596,2,7,1,2006,1,4,4.99,171,25.99,PG-13,1
901,596,4,14,2,2006,1,4,4.99,171,25.99,PG-13,0
902,597,4,12,2,2006,1,5,4.99,184,12.99,G,0
903,598,4,14,1,2006,1,6,0.99,57,22.99,G,1
904,599,3,7,1,2006,1,3,0.99,103,20.99,R,1
905,599,2,7,2,2006,1,3,0.99,103,20.99,R,1
906,600,2,9,1,2006,1,5,0.99,166,16.99,PG,0
907,600,2,6,2,2006,1,5,0.99,166,16.99,PG,1
908,601,3,10,1,2006,1,4,0.99,79,20.99,PG-13,0
909,601,2,6,2,2006,1,4,0.99,79,20.99,PG-13,1
910,602,2,9,1,2006,1,5,0.99,146,14.99,PG,1
911,602,3,12,2,2006,1,5,0.99,146,14.99,PG,0
912,603,4,18,1,2006,1,6,4.99,53,27.99,PG,0
913,603,2,8,2,2006,1,6,4.99,53,27.99,PG,0
914,604,3,12,2,2006,1,4,0.99,160,10.99,G,0
915,605,2,6,2,2006,1,7,2.99,157,13.99,PG,0
916,606,2,6,1,2006,1,3,0.99,160,15.99,NC-17,1
917,606,4,9,2,2006,1,3,0.99,160,15.99,NC-17,0
918,608,2,10,1,2006,1,6,2.99,166,11.99,PG,1
919,608,4,13,2,2006,1,6,2.99,166,11.99,PG,0
920,609,4,14,1,2006,1,7,2.99,185,23.99,G,1
921,609,4,16,2,2006,1,7,2.99,185,23.99,G,0
922,610,2,9,1,2006,1,7,0.99,129,17.99,R,0
923,610,3,10,2,2006,1,7,0.99,129,17.99,R,0
924,611,4,11,1,2006,1,7,4.99,73,17.99,PG,1
925,611,2,6,2,2006,1,7,4.99,73,17.99,PG,0
926,612,2,5,2,2006,1,6,2.99,180,10.99,G,0
927,613,2,10,1,2006,1,5,0.99,92,19.99,NC-17,0
928,614,3,11,1,2006,1,5,4.99,178,11.99,PG-13,0
929,614,3,11,2,2006,1,5,4.99,178,11.99,PG-13,1
930,615,4,15,2,2006,1,6,2.99,180,21.99,PG-13,0
931,616,2,6,1,2006,1,4,2.99,92,19.99,NC-17,1
932,616,4,13,2,2006,1,4,2.99,92,19.99,NC-17,0
933,617,3,13,1,2006,1,4,0.99,50,24.99,PG-13,0
934,618,4,15,2,2006,1,3,0.99,132,21.99,PG,0
935,619,2,7,1,2006,1,3,0.99,161,20.99,R,1
936,619,4,12,2,2006,1,3,0.99,161,20.99,R,1
937,620,2,5,1,2006,1,5,2.99,131,23.99,NC-17,1
938,620,3,9,2,2006,1,5,2.99,131,23.99,NC-17,0
939,621,4,14,1,2006,1,5,2.99,75,23.99,PG-13,0
940,621,4,17,2,2006,1,5,2.99,75,23.99,PG-13,1
941,622,2,7,2,2006,1,4,0.99,159,25.99,G,0
942,623,2,6,1,2006,1,4,0.99,75,9.99,PG,1
943,623,3,11,2,2006,1,4,0.99,75,9.99,PG,0
944,624,3,9,1,2006,1,3,4.99,149,25.99,PG,0
945,624,4,16,2,2006,1,3,4.99,149,25.99,PG,1
946,625,3,13,1,2006,1,3,0.99,83,18.99,NC-17,0
947,625,4,13,2,2006,1,3,0.99,83,18.99,NC-17,0
948,626,4,17,2,2006,1,5,2.99,57,12.99,G,0
949,627,3,11,2,2006,1,4,4.99,67,9.99,NC-17,0
950,628,3,10,1,2006,1,5,2.99,172,24.99,PG,1
951,628,2,10,2,2006,1,5,2.99,172,24.99,PG,1
952,629,4,14,2,2006,1,7,0.99,128,9.99,NC-17,0
953,630,3,10,2,2006,1,7,0.99,48,19.99,PG-13,1
954,631,3,13,1,2006,1,4,0.99,64,11.99,G,0
955,631,2,6,2,2006,1,4,0.99,64,11.99,G,1
956,632,3,9,1,2006,1,5,4.99,145,10.99,NC-17,0
957,633,3,11,2,2006,1,6,4.99,54,10.99,PG-13,1
958,634,4,15,2,2006,1,6,0.99,48,14.99,NC-17,1
959,635,2,6,2,2006,1,7,0.99,58,15.99,PG,1
960,636,3,10,1,2006,1,5,0.99,161,12.99,PG,0
961,637,2,9,1,2006,1,7,4.99,131,16.99,PG,0
962,637,3,12,2,2006,1,7,4.99,131,16.99,PG,0
963,638,4,11,1,2006,1,7,2.99,156,23.99,G,0
964,638,4,15,2,2006,1,7,2.99,156,23.99,G,1
965,639,3,12,2,2006,1,7,4.99,92,9.99,PG,1
966,640,3,11,2,2006,1,5,4.99,102,21.99,R,0
967,641,3,7,1,2006,1,4,0.99,76,21.99,PG-13,1
968,641,4,17,2,2006,1,4,0.99,76,21.99,PG-13,0
969,643,3,7,1,2006,1,3,2.99,118,22.99,R,0
970,643,3,10,2,2006,1,3,2.99,118,22.99,R,1
971,644,3,11,1,2006,1,7,2.99,115,29.99,PG,0
972,644,4,14,2,2006,1,7,2.99,115,29.99,PG,0
973,645,3,14,1,2006,1,7,2.99,118,18.99,PG,1
974,645,3,9,2,2006,1,7,2.99,118,18.99,PG,0
975,646,3,13,1,2006,1,6,0.99,169,12.99,NC-17,1
976,646,2,10,2,2006,1,6,0.99,169,12.99,NC-17,1
977,647,3,6,1,2006,1,4,0.99,129,18.99,NC-17,0
978,647,3,13,2,2006,1,4,0.99,129,18.99,NC-17,0
979,648,4,8,1,2006,1,7,4.99,148,17.99,PG-13,1
980,648,2,5,2,2006,1,7,4.99,148,17.99,PG-13,1
981,649,2,7,1,2006,1,4,2.99,85,14.99,R,0
982,649,4,17,2,2006,1,4,2.99,85,14.99,R,0
983,650,2,10,1,2006,1,3,0.99,144,27.99,G,0
984,650,4,14,2,2006,1,3,0.99,144,27.99,G,0
985,651,2,7,1,2006,1,3,0.99,84,20.99,PG-13,1
986,651,4,15,2,2006,1,3,0.99,84,20.99,PG-13,0
987,652,4,14,1,2006,1,3,0.99,126,14.99,R,1
988,653,2,7,1,2006,1,3,4.99,102,15.99,G,0
989,654,2,5,1,2006,1,4,4.99,93,19.99,G,0
990,654,2,10,2,2006,1,4,4.99,93,19.99,G,1
991,655,3,8,1,2006,1,5,4.99,109,22.99,NC-17,0
992,655,3,7,2,2006,1,5,4.99,109,22.99,NC-17,1
993,656,2,8,2,2006,1,3,0.99,128,9.99,PG,0
994,657,4,12,1,2006,1,5,2.99,48,12.99,PG-13,0
995,657,2,6,2,2006,1,5,2.99,48,12.99,PG-13,1
996,658,4,14,2,2006,1,7,2.99,121,19.99,PG-13,0
997,659,2,8,2,2006,1,3,4.99,109,14.99,PG-13,0
998,660,2,7,1,2006,1,7,2.99,107,11.99,PG,0
999,660,2,6,2,2006,1,7,2.99,107,11.99,PG,1
1000,661,4,13,1,2006,1,5,4.99,157,17.99,PG-13,0
1001,662,2,4,1,2006,1,3,4.99,118,9.99,PG,1
1002,662,2,6,2,2006,1,3,4.99,118,9.99,PG,0
1003,663,3,11,1,2006,1,7,0.99,99,29.99,NC-17,0
1004,663,2,8,2,2006,1,7,0.99,99,29.99,NC-17,1
1005,664,2,7,1,2006,1,6,2.99,65,12.99,PG,1
1006,664,3,9,2,2006,1,6,2.99,65,12.99,PG,0
1007,665,4,10,1,2006,1,4,2.99,175,22.99,PG,1
1008,665,3,13,2,2006,1,4,2.99,175,22.99,PG,0
1009,666,3,11,1,2006,1,4,4.99,145,27.99,PG-13,1
1010,666,2,5,2,2006,1,4,4.99,145,27.99,PG-13,1
1011,667,2,8,1,2006,1,3,2.99,160,20.99,PG-13,1
1012,667,2,5,2,2006,1,3,2.99,160,20.99,PG-13,1
1013,668,2,8,1,2006,1,7,4.99,80,25.99,PG,0
1014,668,3,12,2,2006,1,7,4.99,80,25.99,PG,0
1015,670,4,14,1,2006,1,4,4.99,48,17.99,PG,0
1016,670,3,12,2,2006,1,4,4.99,48,17.99,PG,0
1017,672,2,7,1,2006,1,7,2.99,82,17.99,PG-13,1
1018,672,4,10,2,2006,1,7,2.99,82,17.99,PG-13,0
1019,673,2,8,1,2006,1,3,0.99,118,19.99,PG-13,1
1020,673,2,6,2,2006,1,3,0.99,118,19.99,PG-13,1
1021,674,3,8,1,2006,1,3,0.99,99,11.99,PG,1
1022,675,2,6,1,2006,1,6,2.99,60,17.99,NC-17,0
1023,676,2,7,1,2006,1,7,4.99,137,16.99,PG-13,0
1024,676,4,15,2,2006,1,7,4.99,137,16.99,PG-13,0
1025,677,3,9,1,2006,1,6,0.99,136,25.99,NC-17,1
1026,677,4,11,2,2006,1,6,0.99,136,25.99,NC-17,1
1027,678,4,16,1,2006,1,3,2.99,77,23.99,G,0
1028,679,2,8,1,2006,1,6,2.99,50,17.99,PG,0
1029,679,2,8,2,2006,1,6,2.99,50,17.99,PG,1
1030,680,2,5,1,2006,1,4,4.99,103,21.99,PG,1
1031,680,4,15,2,2006,1,4,4.99,103,21.99,PG,0
1032,681,3,9,1,2006,1,4,0.99,100,20.99,PG,1
1033,681,3,11,2,2006,1,4,0.99,100,20.99,PG,0
1034,682,3,12,1,2006,1,4,4.99,134,17.99,PG-13,1
1035,683,4,15,1,2006,1,5,4.99,60,19.99,NC-17,0
1036,683,4,11,2,2006,1,5,4.99,60,19.99,NC-17,1
1037,684,2,7,2,2006,1,4,2.99,173,11.99,NC-17,0
1038,685,2,9,2,2006,1,6,4.99,132,10.99,PG-13,0
1039,686,4,16,1,2006,1,5,4.99,84,9.99,R,0
1040,687,3,10,1,2006,1,6,0.99,138,15.99,NC-17,1
1041,687,4,16,2,2006,1,6,0.99,138,15.99,NC-17,0
1042,688,4,18,2,2006,1,6,0.99,61,12.99,PG,0
1043,689,4,13,1,2006,1,5,2.99,137,14.99,PG,0
1044,689,2,4,2,2006,1,5,2.99,137,14.99,PG,1
1045,690,4,15,1,2006,1,7,2.99,185,25.99,PG-13,0
1046,690,2,4,2,2006,1,7,2.99,185,25.99,PG-13,1
1047,691,3,10,1,2006,1,6,4.99,159,29.99,PG-13,0
1048,691,2,7,2,2006,1,6,4.99,159,29.99,PG-13,1
1049,692,3,11,2,2006,1,3,2.99,179,10.99,G,1
1050,693,2,10,1,2006,1,5,2.99,115,16.99,PG,0
1051,693,3,7,2,2006,1,5,2.99,115,16.99,PG,1
1052,694,4,14,1,2006,1,6,4.99,98,15.99,PG-13,0
1053,694,2,6,2,2006,1,6,4.99,98,15.99,PG-13,1
1054,695,2,7,1,2006,1,6,4.99,144,12.99,PG,0
1055,696,2,4,1,2006,1,6,0.99,114,20.99,NC-17,0
1056,696,3,11,2,2006,1,6,0.99,114,20.99,NC-17,1
1057,697,4,12,1,2006,1,7,0.99,53,16.99,G,0
1058,697,4,15,2,2006,1,7,0.99,53,16.99,G,0
1059,698,4,12,1,2006,1,3,2.99,71,29.99,NC-17,1
1060,698,3,14,2,2006,1,3,2.99,71,29.99,NC-17,0
1061,699,2,5,1,2006,1,7,4.99,106,26.99,PG,0
1062,700,3,11,2,2006,1,4,2.99,115,13.99,R,1
1063,702,4,16,1,2006,1,4,2.99,89,12.99,G,0
1064,702,4,13,2,2006,1,4,2.99,89,12.99,G,0
1065,703,2,8,2,2006,1,6,4.99,100,18.99,PG,0
1066,704,2,7,1,2006,1,3,2.99,121,25.99,NC-17,0
1067,704,3,8,2,2006,1,3,2.99,121,25.99,NC-17,0
1068,705,4,13,1,2006,1,4,2.99,88,9.99,R,1
1069,706,2,6,1,2006,1,5,4.99,163,22.99,PG,1
1070,706,4,15,2,2006,1,5,4.99,163,22.99,PG,0
1071,707,2,5,1,2006,1,5,2.99,177,29.99,R,1
1072,707,4,15,2,2006,1,5,2.99,177,29.99,R,0
1073,708,2,6,1,2006,1,4,4.99,112,19.99,R,1
1074,708,2,10,2,2006,1,4,4.99,112,19.99,R,1
1075,709,2,4,1,2006,1,7,2.99,147,19.99,NC-17,0
1076,709,4,14,2,2006,1,7,2.99,147,19.99,NC-17,1
1077,710,4,11,1,2006,1,4,4.99,120,18.99,R,0
1078,710,2,8,2,2006,1,4,4.99,120,18.99,R,1
1079,711,4,13,2,2006,1,4,4.99,154,18.99,R,0
1080,714,3,9,2,2006,1,6,2.99,73,29.99,NC-17,0
1081,715,4,15,1,2006,1,3,4.99,147,25.99,PG,0
1082,715,3,12,2,2006,1,3,4.99,147,25.99,PG,1
1083,716,2,6,1,2006,1,6,2.99,136,26.99,PG-13,1
1084,716,3,10,2,2006,1,6,2.99,136,26.99,PG-13,1
1085,717,2,8,1,2006,1,6,0.99,97,23.99,NC-17,0
1086,717,2,9,2,2006,1,6,0.99,97,23.99,NC-17,0
1087,718,2,8,2,2006,1,7,0.99,73,24.99,G,0
1088,719,2,8,1,2006,1,7,4.99,182,11.99,PG,0
1089,720,3,8,1,2006,1,3,2.99,179,20.99,NC-17,0
1090,720,4,12,2,2006,1,3,2.99,179,20.99,NC-17,0
1091,721,2,9,1,2006,1,7,4.99,182,23.99,PG-13,1
1092,722,2,5,1,2006,1,5,0.99,123,26.99,NC-17,0
1093,722,2,6,2,2006,1,5,0.99,123,26.99,NC-17,1
1094,723,4,13,1,2006,1,3,2.99,82,29.99,PG-13,0
1095,723,3,7,2,2006,1,3,2.99,82,29.99,PG-13,1
1096,724,2,4,1,2006,1,5,2.99,110,15.99,R,1
1097,724,4,14,2,2006,1,5,2.99,110,15.99,R,0
1098,725,3,10,1,2006,1,6,4.99,167,25.99,R,0
1099,725,3,9,2,2006,1,6,4.99,167,25.99,R,0
1100,726,3,10,2,2006,1,7,2.99,61,29.99,PG-13,1
1101,727,2,9,1,2006,1,6,0.99,117,12.99,PG,0
1102,727,3,12,2,2006,1,6,0.99,117,12.99,PG,0
1103,728,3,13,1,2006,1,3,0.99,63,26.99,R,0
1104,728,2,7,2,2006,1,3,0.99,63,26.99,R,0
1105,729,4,11,2,2006,1,5,2.99,177,28.99,PG,0
1106,730,4,14,1,2006,1,3,0.99,46,28.99,PG-13,1
1107,730,4,17,2,2006,1,3,0.99,46,28.99,PG-13,0
1108,731,3,10,2,2006,1,7,4.99,153,29.99,PG-13,1
1109,732,4,15,1,2006,1,5,0.99,58,17.99,G,0
1110,733,4,12,1,2006,1,4,0.99,149,29.99,PG-13,0
1111,733,3,7,2,2006,1,4,0.99,149,29.99,PG-13,1
1112,734,2,5,1,2006,1,4,4.99,158,12.99,R,0
1113,734,4,14,2,2006,1,4,4.99,158,12.99,R,1
1114,735,3,13,1,2006,1,7,2.99,102,26.99,PG-13,0
1115,735,4,18,2,2006,1,7,2.99,102,26.99,PG-13,0
1116,736,4,13,1,2006,1,4,0.99,134,21.99,R,0
1117,737,2,7,1,2006,1,4,0.99,102,28.99,G,0
1118,737,4,10,2,2006,1,4,0.99,102,28.99,G,0
1119,738,4,15,1,2006,1,3,0.99,178,27.99,PG-13,0
1120,738,4,18,2,2006,1,3,0.99,178,27.99,PG-13,1
1121,739,2,8,1,2006,1,4,4.99,145,17.99,PG-13,0
1122,739,3,8,2,2006,1,4,4.99,145,17.99,PG-13,0
1123,740,3,10,2,2006,1,5,2.99,153,13.99,PG-13,0
1124,741,4,16,1,2006,1,7,0.99,81,28.99,NC-17,1
1125,741,2,8,2,2006,1,7,0.99,81,28.99,NC-17,0
1126,743,2,6,1,2006,1,7,0.99,60,27.99,PG,0
1127,743,4,14,2,2006,1,7,0.99,60,27.99,PG,0
1128,744,2,7,1,2006,1,4,0.99,89,23.99,PG-13,1
1129,744,3,10,2,2006,1,4,0.99,89,23.99,PG-13,0
1130,745,4,14,1,2006,1,5,4.99,162,23.99,PG-13,1
1131,745,4,14,2,2006,1,5,4.99,162,23.99,PG-13,0
1132,746,2,7,1,2006,1,3,0.99,118,10.99,NC-17,0
1133,746,3,11,2,2006,1,3,0.99,118,10.99,NC-17,1
1134,747,2,9,1,2006,1,5,0.99,171,9.99,R,0
1135,747,3,10,2,2006,1,5,0.99,171,9.99,R,0
1136,748,4,13,1,2006,1,4,0.99,109,16.99,PG-13,1
1137,748,4,17,2,2006,1,4,0.99,109,16.99,PG-13,0
1138,749,2,9,1,2006,1,6,4.99,153,19.99,R,1
1139,749,2,7,2,2006,1,6,4.99,153,19.99,R,0
1140,750,3,10,1,2006,1,3,0.99,145,25.99,R,0
1141,751,2,8,2,2006,1,6,0.99,181,17.99,NC-17,0
1142,752,3,8,2,2006,1,6,0.99,101,27.99,NC-17,0
1143,753,4,13,1,2006,1,3,0.99,48,20.99,PG,0
1144,753,4,18,2,2006,1,3,0.99,48,20.99,PG,1
1145,754,2,6,2,2006,1,6,2.99,150,17.99,PG-13,1
1146,755,4,11,1,2006,1,5,4.99,99,11.99,PG,0
1147,755,3,10,2,2006,1,5,4.99,99,11.99,PG,0
1148,756,3,14,2,2006,1,7,2.99,80,10.99,PG-13,0
1149,757,3,9,1,2006,1,4,2.99,106,28.99,G,0
1150,757,2,7,2,2006,1,4,2.99,106,28.99,G,1
1151,758,3,8,2,2006,1,5,2.99,125,11.99,G,0
1152,759,2,4,1,2006,1,4,2.99,73,29.99,R,1
1153,759,4,19,2,2006,1,4,2.99,73,29.99,R,1
1154,760,3,8,1,2006,1,5,2.99,110,21.99,G,1
1155,760,4,17,2,2006,1,5,2.99,110,21.99,G,0
1156,761,3,11,2,2006,1,7,2.99,154,23.99,PG,0
1157,762,4,13,2,2006,1,6,0.99,154,29.99,G,1
1158,763,3,11,1,2006,1,3,4.99,75,26.99,G,0
1159,763,2,6,2,2006,1,3,4.99,75,26.99,G,0
1160,764,4,13,1,2006,1,3,4.99,150,28.99,G,0
1161,764,4,15,2,2006,1,3,4.99,150,28.99,G,0
1162,765,4,13,1,2006,1,7,4.99,182,18.99,R,0
1163,766,3,12,1,2006,1,5,0.99,84,25.99,PG-13,0
1164,767,4,17,1,2006,1,6,4.99,183,13.99,NC-17,1
1165,767,4,15,2,2006,1,6,4.99,183,13.99,NC-17,0
1166,768,3,8,1,2006,1,3,4.99,102,11.99,PG-13,1
1167,768,3,9,2,2006,1,3,4.99,102,11.99,PG-13,0
1168,769,2,6,2,2006,1,5,4.99,151,21.99,PG-13,0
1169,770,3,15,2,2006,1,5,2.99,147,13.99,G,1
1170,771,3,9,1,2006,1,3,4.99,137,23.99,NC-17,0
1171,771,4,14,2,2006,1,3,4.99,137,23.99,NC-17,0
1172,772,4,13,1,2006,1,4,2.99,80,24.99,PG,0
1173,772,2,9,2,2006,1,4,2.99,80,24.99,PG,0
1174,773,4,13,1,2006,1,6,2.99,112,28.99,NC-17,1
1175,773,4,12,2,2006,1,6,2.99,112,28.99,NC-17,0
1176,774,4,14,1,2006,1,3,2.99,182,22.99,NC-17,0
1177,775,3,15,1,2006,1,4,4.99,110,18.99,PG-13,1
1178,775,2,8,2,2006,1,4,4.99,110,18.99,PG-13,0
1179,776,2,9,1,2006,1,6,4.99,90,11.99,PG,0
1180,776,3,12,2,2006,1,6,4.99,90,11.99,PG,0
1181,777,3,9,1,2006,1,5,4.99,158,10.99,PG,0
1182,777,3,9,2,2006,1,5,4.99,158,10.99,PG,1
1183,778,4,12,1,2006,1,3,4.99,109,24.99,G,0
1184,778,2,8,2,2006,1,3,4.99,109,24.99,G,1
1185,779,2,7,2,2006,1,4,4.99,54,23.99,R,0
1186,780,3,10,2,2006,1,7,4.99,98,15.99,PG,0
1187,781,2,5,2,2006,1,4,4.99,127,15.99,R,1
1188,782,3,11,1,2006,1,6,2.99,60,26.99,PG-13,0
1189,782,3,11,2,2006,1,6,2.99,60,26.99,PG-13,0
1190,783,4,14,1,2006,1,5,2.99,93,22.99,PG,1
1191,784,3,8,1,2006,1,7,2.99,47,20.99,PG,0
1192,784,3,6,2,2006,1,7,2.99,47,20.99,PG,1
1193,785,4,11,1,2006,1,6,4.99,80,20.99,PG,0
1194,785,2,7,2,2006,1,6,4.99,80,20.99,PG,0
1195,786,3,12,1,2006,1,7,0.99,113,14.99,R,0
1196,786,4,13,2,2006,1,7,0.99,113,14.99,R,1
1197,787,3,8,1,2006,1,4,0.99,125,12.99,G,1
1198,788,2,8,1,2006,1,5,2.99,104,15.99,R,0
1199,788,2,7,2,2006,1,5,2.99,104,15.99,R,0
1200,789,4,13,1,2006,1,7,2.99,79,15.99,PG-13,0
1201,789,4,15,2,2006,1,7,2.99,79,15.99,PG-13,0
1202,790,4,11,1,2006,1,6,0.99,67,22.99,PG-13,0
1203,790,3,13,2,2006,1,6,0.99,67,22.99,PG-13,1
1204,791,2,7,1,2006,1,3,4.99,167,24.99,PG-13,0
1205,791,4,18,2,2006,1,3,4.99,167,24.99,PG-13,0
1206,792,3,14,2,2006,1,7,2.99,154,15.99,PG-13,1
1207,793,4,14,1,2006,1,6,2.99,139,14.99,R,1
1208,794,2,6,1,2006,1,5,0.99,52,28.99,G,1
1209,794,2,6,2,2006,1,5,0.99,52,28.99,G,0
1210,795,4,15,1,2006,1,7,0.99,111,23.99,R,0
1211,796,2,8,1,2006,1,3,0.99,135,12.99,NC-17,0
1212,796,3,7,2,2006,1,3,0.99,135,12.99,NC-17,1
1213,797,2,5,1,2006,1,7,0.99,67,23.99,R,1
1214,797,3,11,2,2006,1,7,0.99,67,23.99,R,1
1215,798,2,5,1,2006,1,4,4.99,74,11.99,PG,0
1216,798,2,6,2,2006,1,4,4.99,74,11.99,PG,0
1217,799,2,6,1,2006,1,3,0.99,51,26.99,NC-17,0
1218,800,2,8,1,2006,1,7,2.99,126,19.99,PG-13,1
1219,800,4,14,2,2006,1,7,2.99,126,19.99,PG-13,0
1220,803,4,13,1,2006,1,7,4.99,179,29.99,R,1
1221,803,2,4,2,2006,1,7,4.99,179,29.99,R,1
1222,804,4,12,1,2006,1,7,4.99,129,13.99,PG-13,0
1223,804,3,11,2,2006,1,7,4.99,129,13.99,PG-13,0
1224,805,2,5,1,2006,1,5,4.99,64,12.99,G,1
1225,805,3,14,2,2006,1,5,4.99,64,12.99,G,0
1226,806,3,11,1,2006,1,4,2.99,137,25.99,PG,1
1227,806,2,9,2,2006,1,4,2.99,137,25.99,PG,0
1228,807,3,13,1,2006,1,4,0.99,87,25.99,NC-17,0
1229,807,2,8,2,2006,1,4,0.99,87,25.99,NC-17,0
1230,808,2,6,2,2006,1,5,0.99,84,10.99,R,0
1231,809,4,16,2,2006,1,5,0.99,156,14.99,PG-13,1
1232,810,4,14,1,2006,1,5,0.99,147,21.99,PG,0
1233,810,3,10,2,2006,1,5,0.99,147,21.99,PG,1
1234,811,3,10,1,2006,1,4,2.99,60,29.99,G,0
1235,812,3,10,1,2006,1,7,0.99,50,13.99,PG-13,0
1236,812,3,7,2,2006,1,7,0.99,50,13.99,PG-13,0
1237,813,4,11,2,2006,1,7,0.99,184,18.99,R,0
1238,814,3,9,1,2006,1,6,4.99,110,15.99,PG,1
1239,814,4,13,2,2006,1,6,4.99,110,15.99,PG,0
1240,815,3,9,1,2006,1,4,2.99,74,14.99,PG-13,0
1241,816,4,14,1,2006,1,3,0.99,62,27.99,G,1
1242,816,3,9,2,2006,1,3,0.99,62,27.99,G,0
1243,817,2,8,1,2006,1,7,4.99,185,27.99,R,0
1244,818,3,13,1,2006,1,4,4.99,180,17.99,NC-17,1
1245,818,2,6,2,2006,1,4,4.99,180,17.99,NC-17,0
1246,819,3,10,1,2006,1,3,0.99,165,29.99,PG-13,0
1247,820,4,10,1,2006,1,3,2.99,184,11.99,NC-17,1
1248,820,2,3,2,2006,1,3,2.99,184,11.99,NC-17,0
1249,821,4,12,2,2006,1,6,0.99,184,17.99,NC-17,0
1250,822,2,8,2,2006,1,6,0.99,169,12.99,R,0
1251,823,3,11,1,2006,1,4,2.99,143,21.99,R,0
1252,823,4,10,2,2006,1,4,2.99,143,21.99,R,0
1253,824,4,9,2,2006,1,4,4.99,52,19.99,NC-17,0
1254,825,3,12,1,2006,1,6,2.99,165,22.99,PG-13,1
1255,826,2,9,2,2006,1,7,4.99,124,19.99,PG-13,0
1256,827,2,9,1,2006,1,5,4.99,141,22.99,NC-17,0
1257,827,4,11,2,2006,1,5,4.99,141,22.99,NC-17,0
1258,828,4,13,2,2006,1,7,2.99,79,12.99,G,1
1259,829,2,7,1,2006,1,7,2.99,138,12.99,PG-13,0
1260,829,3,6,2,2006,1,7,2.99,138,12.99,PG-13,1
1261,830,4,15,2,2006,1,7,0.99,149,23.99,R,0
1262,831,3,11,1,2006,1,5,0.99,138,20.99,PG-13,0
1263,832,4,14,1,2006,1,5,0.99,175,16.99,PG,1
1264,833,3,8,1,2006,1,5,0.99,134,20.99,R,0
1265,833,4,13,2,2006,1,5,0.99,134,20.99,R,1
1266,834,3,10,2,2006,1,4,0.99,151,26.99,G,0
1267,835,4,14,1,2006,1,6,2.99,112,13.99,PG-13,0
1268,835,4,13,2,2006,1,6,2.99,112,13.99,PG-13,1
1269,836,3,7,1,2006,1,3,2.99,136,14.99,PG,0
1270,837,3,10,2,2006,1,4,2.99,85,19.99,PG,1
1271,838,2,8,1,2006,1,5,4.99,112,25.99,R,1
1272,838,4,18,2,2006,1,5,4.99,112,25.99,R,0
1273,839,2,7,2,2006,1,5,0.99,130,23.99,PG-13,1
1274,840,4,14,1,2006,1,5,0.99,75,26.99,R,1
1275,841,3,7,1,2006,1,5,2.99,181,9.99,PG,0
1276,841,4,13,2,2006,1,5,2.99,181,9.99,PG,1
1277,842,2,8,1,2006,1,4,2.99,113,13.99,NC-17,0
1278,842,2,4,2,2006,1,4,2.99,113,13.99,NC-17,1
1279,843,4,11,1,2006,1,4,4.99,143,15.99,NC-17,0
1280,843,3,12,2,2006,1,4,4.99,143,15.99,NC-17,0
1281,844,2,8,1,2006,1,6,4.99,140,16.99,PG,1
1282,844,2,7,2,2006,1,6,4.99,140,16.99,PG,0
1283,845,4,13,1,2006,1,7,4.99,48,9.99,NC-17,0
1284,845,3,7,2,2006,1,7,4.99,48,9.99,NC-17,1
1285,846,4,10,1,2006,1,3,4.99,93,9.99,NC-17,0
1286,846,4,11,2,2006,1,3,4.99,93,9.99,NC-17,0
1287,847,4,14,2,2006,1,7,2.99,160,10.99,PG,0
1288,848,3,11,1,2006,1,3,0.99,94,19.99,G,0
1289,849,4,15,1,2006,1,6,0.99,57,28.99,NC-17,1
1290,849,4,14,2,2006,1,6,0.99,57,28.99,NC-17,0
1291,850,3,12,1,2006,1,7,0.99,163,27.99,R,0
1292,850,4,16,2,2006,1,7,0.99,163,27.99,R,1
1293,851,3,9,1,2006,1,3,0.99,151,19.99,R,0
1294,851,3,11,2,2006,1,3,0.99,151,19.99,R,0
1295,852,4,16,1,2006,1,4,0.99,103,27.99,NC-17,0
1296,852,3,8,2,2006,1,4,0.99,103,27.99,NC-17,0
1297,853,3,11,1,2006,1,3,4.99,139,12.99,G,0
1298,854,4,17,2,2006,1,4,4.99,119,22.99,R,1
1299,855,2,8,1,2006,1,7,0.99,132,28.99,PG-13,0
1300,855,2,7,2,2006,1,7,0.99,132,28.99,PG-13,1
1301,856,4,11,1,2006,1,5,4.99,73,11.99,R,1
1302,856,4,14,2,2006,1,5,4.99,73,11.99,R,1
1303,857,3,12,1,2006,1,3,2.99,144,24.99,PG-13,0
1304,857,4,11,2,2006,1,3,2.99,144,24.99,PG-13,0
1305,858,4,15,2,2006,1,5,4.99,127,21.99,R,0
1306,859,3,7,1,2006,1,3,4.99,114,20.99,PG,1
1307,859,3,10,2,2006,1,3,4.99,114,20.99,PG,1
1308,861,3,8,1,2006,1,3,4.99,111,12.99,R,0
1309,861,3,11,2,2006,1,3,4.99,111,12.99,R,0
1310,862,3,8,1,2006,1,5,0.99,53,25.99,G,0
1311,862,2,7,2,2006,1,5,0.99,53,25.99,G,1
1312,863,4,13,1,2006,1,5,0.99,141,9.99,R,1
1313,863,3,12,2,2006,1,5,0.99,141,9.99,R,0
1314,864,4,11,1,2006,1,5,0.99,92,21.99,NC-17,0
1315,864,2,7,2,2006,1,5,0.99,92,21.99,NC-17,0
1316,865,4,16,1,2006,1,3,4.99,135,19.99,PG-13,0
1317,865,2,8,2,2006,1,3,4.99,135,19.99,PG-13,1
1318,866,2,8,2,2006,1,6,0.99,48,28.99,NC-17,0
1319,867,4,13,1,2006,1,5,4.99,58,10.99,PG,1
1320,868,3,10,1,2006,1,5,0.99,114,27.99,PG,1
1321,869,4,14,1,2006,1,4,2.99,47,22.99,PG,0
1322,869,3,15,2,2006,1,4,2.99,47,22.99,PG,0
1323,870,4,9,1,2006,1,4,0.99,123,12.99,PG-13,1
1324,870,4,17,2,2006,1,4,0.99,123,12.99,PG-13,1
1325,871,2,8,1,2006,1,6,4.99,176,19.99,PG,1
1326,871,3,9,2,2006,1,6,4.99,176,19.99,PG,0
1327,872,3,15,2,2006,1,3,2.99,185,27.99,R,1
1328,873,4,15,1,2006,1,3,0.99,108,13.99,G,0
1329,873,4,13,2,2006,1,3,0.99,108,13.99,G,0
1330,875,3,10,1,2006,1,6,0.99,173,9.99,PG,0
1331,875,4,19,2,2006,1,6,0.99,173,9.99,PG,0
1332,876,2,8,1,2006,1,3,2.99,91,11.99,PG-13,0
1333,877,3,11,1,2006,1,4,0.99,64,23.99,PG-13,0
1334,877,2,6,2,2006,1,4,0.99,64,23.99,PG-13,1
1335,878,4,17,2,2006,1,3,4.99,74,25.99,G,0
1336,879,4,15,1,2006,1,3,4.99,148,20.99,PG,0
1337,879,3,12,2,2006,1,3,4.99,148,20.99,PG,1
1338,880,4,11,1,2006,1,6,2.99,152,9.99,PG-13,0
1339,880,4,14,2,2006,1,6,2.99,152,9.99,PG-13,0
1340,881,4,12,2,2006,1,5,4.99,71,13.99,PG,0
1341,882,4,13,1,2006,1,4,0.99,99,24.99,PG-13,1
1342,883,2,6,2,2006,1,6,4.99,53,17.99,PG,0
1343,884,3,6,2,2006,1,5,4.99,88,11.99,R,1
1344,885,2,6,1,2006,1,7,0.99,179,22.99,NC-17,0
1345,886,4,10,1,2006,1,5,0.99,184,9.99,PG-13,0
1346,887,4,15,1,2006,1,5,4.99,135,28.99,PG-13,0
1347,887,2,4,2,2006,1,5,4.99,135,28.99,PG-13,1
1348,888,4,11,1,2006,1,5,4.99,53,9.99,PG-13,0
1349,889,3,11,1,2006,1,3,4.99,111,28.99,R,0
1350,890,3,12,1,2006,1,5,0.99,172,14.99,R,0
1351,890,4,14,2,2006,1,5,0.99,172,14.99,R,0
1352,891,3,14,1,2006,1,3,0.99,69,13.99,G,0
1353,891,4,17,2,2006,1,3,0.99,69,13.99,G,1
1354,892,3,9,1,2006,1,3,4.99,104,18.99,R,0
1355,892,4,12,2,2006,1,3,4.99,104,18.99,R,0
1356,893,4,13,1,2006,1,4,4.99,91,11.99,PG,1
1357,893,4,15,2,2006,1,4,4.99,91,11.99,PG,0
1358,894,3,7,1,2006,1,6,0.99,68,23.99,PG,1
1359,894,2,7,2,2006,1,6,0.99,68,23.99,PG,1
1360,895,4,17,1,2006,1,3,2.99,142,21.99,R,1
1361,895,3,8,2,2006,1,3,2.99,142,21.99,R,0
1362,896,2,8,1,2006,1,3,0.99,157,10.99,PG,1
1363,896,2,7,2,2006,1,3,0.99,157,10.99,PG,0
1364,897,4,15,1,2006,1,3,4.99,179,27.99,G,1
1365,897,4,11,2,2006,1,3,4.99,179,27.99,G,0
1366,898,3,14,1,2006,1,4,4.99,152,18.99,PG-13,0
1367,898,2,8,2,2006,1,4,4.99,152,18.99,PG-13,0
1368,899,3,11,1,2006,1,7,0.99,144,14.99,NC-17,0
1369,900,2,7,1,2006,1,6,2.99,136,17.99,R,1
1370,900,2,7,2,2006,1,6,2.99,136,17.99,R,0
1371,901,4,15,1,2006,1,3,0.99,142,29.99,G,0
1372,901,3,11,2,2006,1,3,0.99,142,29.99,G,0
1373,902,4,15,1,2006,1,6,4.99,170,22.99,PG,1
1374,902,3,9,2,2006,1,6,4.99,170,22.99,PG,0
1375,903,2,5,2,2006,1,5,4.99,139,13.99,G,1
1376,904,2,4,1,2006,1,3,4.99,71,26.99,R,0
1377,905,3,11,1,2006,1,7,4.99,132,10.99,PG-13,1
1378,906,2,7,1,2006,1,4,0.99,171,27.99,PG,0
1379,906,3,13,2,2006,1,4,0.99,171,27.99,PG,0
1380,907,4,15,1,2006,1,4,0.99,168,10.99,PG-13,0
1381,908,2,7,1,2006,1,3,4.99,110,11.99,G,1
1382,908,2,9,2,2006,1,3,4.99,110,11.99,G,0
1383,910,2,7,2,2006,1,3,0.99,87,19.99,PG,0
1384,911,4,15,1,2006,1,7,4.99,64,14.99,PG-13,1
1385,911,4,13,2,2006,1,7,4.99,64,14.99,PG-13,0
1386,912,3,9,1,2006,1,3,2.99,52,9.99,PG,0
1387,912,3,9,2,2006,1,3,2.99,52,9.99,PG,0
1388,913,4,9,1,2006,1,3,0.99,115,20.99,R,0
1389,913,2,5,2,2006,1,3,0.99,115,20.99,R,0
1390,914,2,7,1,2006,1,6,2.99,61,13.99,PG,0
1391,914,4,15,2,2006,1,6,2.99,61,13.99,PG,1
1392,915,4,14,1,2006,1,7,4.99,92,9.99,G,0
1393,915,2,9,2,2006,1,7,4.99,92,9.99,G,1
1394,916,2,9,1,2006,1,3,2.99,80,10.99,G,0
1395,916,2,5,2,2006,1,3,2.99,80,10.99,G,0
1396,917,3,7,1,2006,1,3,2.99,152,24.99,R,1
1397,917,2,5,2,2006,1,3,2.99,152,24.99,R,0
1398,918,4,11,2,2006,1,4,4.99,152,23.99,PG,0
1399,919,4,12,1,2006,1,3,4.99,82,17.99,G,1
1400,920,3,14,1,2006,1,3,0.99,62,16.99,G,1
1401,920,2,7,2,2006,1,3,0.99,62,16.99,G,1
1402,921,2,6,1,2006,1,7,2.99,172,29.99,PG-13,0
1403,921,2,8,2,2006,1,7,2.99,172,29.99,PG-13,1
1404,922,3,8,1,2006,1,7,4.99,107,22.99,PG-13,0
1405,922,4,13,2,2006,1,7,4.99,107,22.99,PG-13,0
1406,923,3,8,2,2006,1,7,2.99,78,12.99,R,0
1407,924,2,7,1,2006,1,7,0.99,129,15.99,PG,1
1408,924,3,11,2,2006,1,7,0.99,129,15.99,PG,1
1409,925,3,9,1,2006,1,3,0.99,164,27.99,R,0
1410,925,2,8,2,2006,1,3,0.99,164,27.99,R,0
1411,926,2,8,2,2006,1,5,2.99,120,11.99,NC-17,0
1412,927,4,16,1,2006,1,6,2.99,174,16.99,NC-17,1
1413,928,3,12,1,2006,1,5,2.99,84,16.99,PG,0
1414,929,4,13,1,2006,1,5,4.99,128,21.99,PG-13,0
1415,930,3,9,1,2006,1,4,2.99,145,23.99,R,1
1416,930,3,12,2,2006,1,4,2.99,145,23.99,R,0
1417,931,3,12,2,2006,1,7,0.99,48,9.99,PG-13,1
1418,932,2,10,1,2006,1,3,0.99,73,21.99,G,0
1419,932,2,5,2,2006,1,3,0.99,73,21.99,G,1
1420,933,3,12,1,2006,1,4,4.99,126,11.99,NC-17,0
1421,934,3,9,2,2006,1,7,4.99,122,20.99,NC-17,0
1422,935,2,6,2,2006,1,5,0.99,142,17.99,R,0
1423,936,2,5,1,2006,1,3,2.99,123,21.99,NC-17,0
1424,936,4,12,2,2006,1,3,2.99,123,21.99,NC-17,1
1425,937,2,6,1,2006,1,7,2.99,85,14.99,NC-17,0
1426,937,3,9,2,2006,1,7,2.99,85,14.99,NC-17,0
1427,938,4,18,1,2006,1,3,4.99,173,14.99,R,0
1428,938,2,8,2,2006,1,3,4.99,173,14.99,R,0
1429,939,4,8,2,2006,1,4,2.99,90,17.99,R,0
1430,940,3,9,1,2006,1,6,0.99,64,19.99,PG-13,1
1431,941,4,18,1,2006,1,4,4.99,145,10.99,NC-17,0
1432,941,3,11,2,2006,1,4,4.99,145,10.99,NC-17,0
1433,942,2,6,1,2006,1,7,0.99,174,27.99,PG-13,1
1434,942,2,9,2,2006,1,7,0.99,174,27.99,PG-13,0
1435,944,2,5,1,2006,1,6,4.99,179,29.99,PG-13,0
1436,944,3,12,2,2006,1,6,4.99,179,29.99,PG-13,0
1437,945,4,12,1,2006,1,5,0.99,164,22.99,R,0
1438,945,4,16,2,2006,1,5,0.99,164,22.99,R,1
1439,946,4,14,2,2006,1,3,4.99,144,14.99,NC-17,0
1440,947,2,7,1,2006,1,5,0.99,59,16.99,PG-13,1
1441,948,2,6,1,2006,1,6,0.99,139,22.99,PG-13,0
1442,948,4,13,2,2006,1,6,0.99,139,22.99,PG-13,0
1443,949,4,11,1,2006,1,6,0.99,157,27.99,NC-17,1
1444,949,2,10,2,2006,1,6,0.99,157,27.99,NC-17,0
1445,951,3,11,1,2006,1,6,0.99,78,28.99,PG-13,1
1446,951,4,17,2,2006,1,6,0.99,78,28.99,PG-13,1
1447,952,3,10,1,2006,1,7,2.99,152,17.99,PG,0
1448,953,4,17,1,2006,1,3,0.99,112,9.99,PG-13,1
1449,953,2,4,2,2006,1,3,0.99,112,9.99,PG-13,1
1450,956,4,15,1,2006,1,7,4.99,107,23.99,PG-13,1
1451,957,3,8,1,2006,1,7,4.99,80,26.99,G,0
1452,957,2,4,2,2006,1,7,4.99,80,26.99,G,1
1453,958,3,12,1,2006,1,6,2.99,178,19.99,G,0
1454,958,3,15,2,2006,1,6,2.99,178,19.99,G,0
1455,959,2,6,1,2006,1,6,2.99,83,10.99,G,1
1456,960,3,10,2,2006,1,5,2.99,128,15.99,G,0
1457,961,3,15,1,2006,1,7,4.99,161,22.99,R,0
1458,961,2,8,2,2006,1,7,4.99,161,22.99,R,1
1459,962,4,15,1,2006,1,7,2.99,85,18.99,PG,0
1460,963,2,5,1,2006,1,5,0.99,78,12.99,PG,0
1461,963,3,11,2,2006,1,5,0.99,78,12.99,PG,1
1462,964,3,8,1,2006,1,4,4.99,61,17.99,G,0
1463,964,2,9,2,2006,1,4,4.99,61,17.99,G,1
1464,965,2,6,1,2006,1,6,0.99,112,28.99,G,1
1465,966,2,7,1,2006,1,3,0.99,70,14.99,PG,0
1466,966,4,16,2,2006,1,3,0.99,70,14.99,PG,0
1467,967,3,11,1,2006,1,5,2.99,134,26.99,R,0
1468,967,2,7,2,2006,1,5,2.99,134,26.99,R,0
1469,968,3,14,1,2006,1,6,4.99,79,19.99,G,1
1470,969,4,16,1,2006,1,4,4.99,159,29.99,G,0
1471,970,3,11,1,2006,1,7,0.99,52,11.99,NC-17,1
1472,970,4,15,2,2006,1,7,0.99,52,11.99,NC-17,0
1473,971,4,18,1,2006,1,4,4.99,109,11.99,PG-13,1
1474,972,3,11,1,2006,1,4,4.99,59,24.99,PG-13,0
1475,972,3,11,2,2006,1,4,4.99,59,24.99,PG-13,0
1476,973,4,17,1,2006,1,3,4.99,183,27.99,NC-17,1
1477,973,4,14,2,2006,1,3,4.99,183,27.99,NC-17,1
1478,974,2,5,1,2006,1,4,0.99,181,24.99,R,0
1479,975,2,6,1,2006,1,6,2.99,137,22.99,R,0
1480,975,3,10,2,2006,1,6,2.99,137,22.99,R,0
1481,976,2,8,1,2006,1,6,0.99,111,12.99,R,0
1482,976,4,15,2,2006,1,6,0.99,111,12.99,R,0
1483,977,3,11,2,2006,1,3,2.99,85,25.99,R,1
1484,978,3,9,1,2006,1,3,0.99,98,12.99,R,0
1485,979,4,16,1,2006,1,6,4.99,100,10.99,NC-17,0
1486,979,3,14,2,2006,1,6,4.99,100,10.99,NC-17,0
1487,980,3,12,1,2006,1,4,4.99,75,12.99,PG,1
1488,980,2,4,2,2006,1,4,4.99,75,12.99,PG,1
1489,981,3,10,1,2006,1,7,0.99,55,13.99,NC-17,0
1490,981,3,11,2,2006,1,7,0.99,55,13.99,NC-17,1
1491,982,3,7,1,2006,1,4,0.99,126,23.99,R,1
1492,982,4,15,2,2006,1,4,0.99,126,23.99,R,0
1493,983,3,9,1,2006,1,7,2.99,105,18.99,PG,0
1494,984,2,9,1,2006,1,3,2.99,126,20.99,NC-17,0
1495,985,4,15,1,2006,1,4,4.99,111,19.99,PG,0
1496,985,3,7,2,2006,1,4,4.99,111,19.99,PG,0
1497,986,4,13,1,2006,1,6,2.99,85,24.99,NC-17,1
1498,986,2,5,2,2006,1,6,2.99,85,24.99,NC-17,1
1499,987,2,8,1,2006,1,3,2.99,116,13.99,PG,1
1500,987,2,8,2,2006,1,3,2.99,116,13.99,PG,0
1501,988,3,8,1,2006,1,7,2.99,139,26.99,R,0
1502,988,2,7,2,2006,1,7,2.99,139,26.99,R,1
1503,989,4,15,1,2006,1,4,4.99,74,22.99,R,0
1504,989,2,10,2,2006,1,4,4.99,74,22.99,R,1
1505,990,2,7,2,2006,1,3,0.99,171,13.99,PG-13,0
1506,991,2,6,1,2006,1,4,2.99,185,26.99,PG,0
1507,991,3,10,2,2006,1,4,2.99,185,26.99,PG,1
1508,992,4,14,2,2006,1,5,0.99,176,17.99,NC-17,0
1509,993,4,13,1,2006,1,6,2.99,178,10.99,PG-13,0
1510,993,3,7,2,2006,1,6,2.99,178,10.99,PG-13,0
1511,994,3,13,1,2006,1,6,4.99,100,29.99,PG-13,1
1512,995,4,17,1,2006,1,5,4.99,86,11.99,R,1
1513,995,2,6,2,2006,1,5,4.99,86,11.99,R,0
1514,996,2,7,1,2006,1,6,0.99,183,9.99,G,1
1515,997,2,6,1,2006,1,4,0.99,179,14.99,NC-17,0
1516,998,2,8,2,2006,1,6,0.99,105,10.99,NC-17,1
1517,999,2,6,1,2006,1,5,2.99,101,28.99,R,0
1518,999,3,11,2,2006,1,5,2.99,101,28.99,R,1
1519,1000,4,16,1,2006,1,3,4.99,50,18.99,NC-17,0
1520,1000,4,15,2,2006,1,3,4.99,50,18.99,NC-17,0
